-- CARGA DE DATOS DE PRUEBA
USE OBLIGATORIO1BD2
GO
INSERT INTO artista (artistaId, artistaNombre, artistaFoto, esNacional, artistaCantReproducciones) VALUES 
(1, 'Martín Gonzalez', 'ZR72wx4WWR3OVLTOeOlt', 1, 75142343),
(2, 'Kaya Forbes', 'o4F2a89903BG57DJzR4t', 0, 18000470),
(3, 'Manal Mcfadden', '0DbhkbcBFSBh09QXN5BW', 0, 87540800),
(4, 'Barnaby Franco', 'MPLtzAVCOnA4bLGp5wTw', 0, 54567265 ),
(5, 'Luther Salinas', 'slDYLlDkDQlqkqZ1jSb7', 0, 76854004),
(6, 'Ianis Barrett', 'O8rAVtJIlgBspqbMwjC6', 1, 50623556),
(7, 'Kira Fisher', 'dfg1aibGk6rErK0dkWkS', 1, 33361629),
(8, 'Keyaan Woolley', 'zycJxbvPuaUy4EKdE07x', 0, 78535448 ),
(9, 'Nichole Evans', '9HtG2cmF2oFQ2SV7e3Ol', 1, 50177325),
(10, 'Ariana Cameron', 'tzAZZOhDOk1klLW4WsII', 0, 35137551),
(11, 'Fahim Devine', '2CgGmqrF8SibHvQ2q1Tq', 1, 53215845),
(12, 'Kade Bouvet', 'SIwSGZc1IMaBubGCqUtu', 1, 91105076 ),
(13, 'Adelina Mata', 'wNV9qhuQn2txdzKgIhtJ', 0, 91957817),
(14, 'Chantel Trujillo', '9ucjpZS1Nui2cPGfKWVC', 0, 55857208),
(15, 'Loui Calvert', 'KDPonMB6wOSCym4vUVJ3', 0, 99150030),
(16, 'Nichole Busby', 'A5OkIazXdr0GVfdehF6Y', 1, 48048289 ),
(17, 'Ayyub Todd', 'X213l3PYz8bq55IHjO4a', 0, 92052444),
(18, 'Nichole Busby', 'QIlpaO1AhIVj1iovZZpx', 1, 13548373 ),
(19, 'Nichole Radjman', 'D2SvmMWCDPfKse3s3zyZ', 1, 49875077 ),
(20, 'Chloe White', 'peIgwim9p6E8mjvcfy2l', 1, 18184518 ),
(21, 'Ariana Gonzalez', '39xutQJvPYQNcvSpD8MV', 1, 34373795 ),
(22, 'Catalina Rosch', 'tVttS0oHUW4SnABTiqaN', 1, 76959759 ),
(23, 'Sarme Zend', 'NxmmipjfrCWjAnX73CPH', 1, 67072301 ),
(24, 'Wardrey Cameron', 'DFEWd6Hwv9ich4Lm9PBI', 1, 69335322 );


INSERT INTO album (albumId, albumNombre, artistaId, albumCantReproducciones) VALUES 
('1', 'Doctor in the house', 1, 36561283),
('2', 'Total destruction', 2, 37112054),
('3', 'Highest difficulty', 3, 90796346),
('4', 'Final straw', 4, 82490877),
('5', 'Easy doesnt do it', 5, 97753204),
('6', 'Cookie cutter', 6, 43657484),
('7', 'Chip off the old block', 7, 23398901),
('8', 'Concept art', 8, 88590389),
('9', 'Love life', 9, 31594295),
('10', 'Cat napped', 10, 78180482),
('11', 'No basis', 11, 49628327),
('12', 'Lets do this', 12, 70375253),
('13', 'Methodical madness', 13, 54108525),
('14', 'Cold shoulder', 14, 91085352),
('15', 'Damage control', 15, 30180882),
('16', 'Live and learn', 16, 21938892),
('17', 'Cat napped', 17, 72374275),
('18', 'Death of roses', 11, 55327757),
('19', 'Bittersweet', 1, 68711886),
('20', 'Birthday suit', 12, 40197931),
('21', 'Take cover', 15, 55836971),
('22', 'Eye for an eye', 15, 32724363),
('23', 'Dark matters', 15, 20946534),
('24', 'March of ants', 4, 12200794),
('25', 'Rocket science', 7, 30523900);


INSERT INTO cancion (cancionNombre, albumId, cancionCantReproducciones) VALUES 
('Like a Rancid Stick', '21', 83550416),
('Stand By Matt', '1', 67720747),
('They Are Night Sausages! They ', '13', 77971910),
('Here Without Matt', '16', 109443167),
('Skegness on My Mind', '6', 94837220),
('Youve Lost That Rancid Stick', '15', 99449080),
('Youve Lost That Rancid Feeling', '13', 92162245),
('Dont Smile', '7', 71911872),
('Smells Like a Rancid Stick', '12', 51346993),
('Lets Run Away to Skegness and ', '5', 70246415),
('Another Stick in the Wall', '23', 19034437),
('Ring of Stick', '1', 74944393),
('Stairway to Sausages', '10', 81494366),
('A Song for Matt', '25', 66536218),
('Hotel Skegness', '8', 89845775),
('Where Have All the Sausages Go', '5', 21729465),
('House of the Rancid Stick', '6', 77185336),
('Late Night Stick', '5', 102590144),
('Just Another a Rancid Stick', '18', 34568350),
('Sausages in My Stick', '10', 13574592),
('Rhythm of the Stick', '12', 41792507),
('Bridge Over Rancid Sausages', '8', 69286061),
('Stick Boogie', '4', 81063643),
('Have You Met Matt?', '2', 37021627),
('Smile? I Jolly Well Wont Smile', '13', 96876688),
('Stand by Your Sausages', '12', 92491326),
('Many Pieces Of Large Fuzzy Sau', '10', 103823763),
('Amazing Matt', '4', 54532900),
('Another Year of Sausages', '6', 85545445),
('Like Rancid Sausages', '21', 45211931),
('You Dont Send Me Rancid Sausag', '20', 72669980),
('Nice Weather For Sausages', '20', 55388523),
('(I Cant Get No) Rancid Sausage', '18', 35339252),
('When Rancid Sausages Cry', '15', 82648136),
('When Rancid Sausages Smile', '14', 76799136),
('Whole Lotta Sausages', '15', 48435526),
('Stairway to Stick', '17', 68535830),
('Matts Rancid Sausages Club Ban', '12', 94297231),
('Smile This Way', '6', 24568599),
('The Stick Where Your Heart Sho', '10', 103329383),
('Matt Eat My Rancid Sausages in', '22', 72763358),
('Give Me Your Sausages', '16', 92244031),
('Early Morning Smile', '16', 44410352),
('Stick Fields Forever', '1', 71908641),
('We Shall Smile', '11', 69813122),
('Every Stick You Take', '15', 79779747),
('Rancid Blues', '16', 37264874),
('It Hurts To Shoot Sausages Fro', '11', 46343200),
('Theres A Good Reason Sausages ', '21', 45542255),
('Smile Forever', '25', 69489854),
('My Stick Wants To Kill Your Ma', '3', 55925407),
('Truly Madly Rancid', '9', 35696908),
('Your Cheatin Stick', '24', 28757198),
('Behind Rancid Sausages', '24', 44951569),
('At Least Give Me My Sausages B', '6', 11683254),
('Welcome to Rancid Skegness', '7', 67545084),
('Gonna Make You Smile', '11', 31968501),
('Straight Outta Skegness', '5', 85181579),
('Matts Waiting', '24', 33664726),
('I plead Stick', '20', 46287610),
('The Number of your Stick', '16', 91907572),
('You Think I Aint Worth A Stick', '16', 95974644),
('She Thinks Sticks Sexy', '6', 31250375),
('Stick I Have Become', '7', 24798197),
('Skegness is Your Land', '2', 72696028),
('Somewhere Over the Stick', '3', 17273677),
('Rancid Sausages Forever', '9', 34967108),
('Smells Like Rancid Sausages', '9', 71050443),
('Stick Autopsy', '1', 19558252),
('Great Balls of Sausages', '17', 100711960),
('This Is A Sight We Had One Day', '14', 16243838),
('Early Morning Stick', '14', 36361354),
('Careful With That Stick', '5', 75967784),
('Smile, Smile, Smile!', '13', 76468096),
('Like a Stick', '17', 11421290),
('Livin on a Stick', '4', 56892893),
('Sausages Sound Better With You', '19', 102118194),
('Stand by Your Stick', '7', 53574337),
('Enter Matt', '6', 100406569),
('Good Stick', '11', 45052224),
('Takin the Stick Train', '5', 57609019),
('Cant Take My Sausages Off You', '16', 22818888),
('Goody Two Sausages', '1', 15363143),
('Baby, I Need Your Sausages', '24', 52431264),
('My Stick Sounds Better With Yo', '14', 36237427),
('The Girl From Skegness', '11', 56382859),
('You Cant Smile Through A Buffa', '7', 79826835),
('Dont Eat Sausages Off The Side', '8', 10926160),
('Independent Stick', '9', 65786208),
('Mad to Smile', '2', 23352436),
('I Smile in Your Arms', '24', 103638486),
('Stick Deep, Sausages High', '25', 83677324),
('Great Sausages of Stick', '4', 10698752),
('Four Rancid Sausages', '23', 65246932),
('Mammas Dont Let Your Babies Gr', '23', 84083872),
('Smile - It is the Most Fun a G', '16', 82470660),
('Matt Broke My Heart At Skegnes', '5', 40531575),
('In Stick We Trust', '7', 100703329),
('Yearning for Rancid Sausages', '8', 88631535),
('Stairway to Skegness', '6', 33240577);

INSERT INTO plan1(planNombre, planCosto, esPlanVigente, esRecurrente) VALUES
('familiar', 20.00, 1, 1),
('individual', 5.9, 1, 0),
('duo', 9.50, 0, 1),
('trio', 11.00, 0, 0);


INSERT INTO usuario (usuarioId, usuarioNombre, usuarioMail, fechaCreacion, planId, fechaPlanActivoDesde) VALUES
('tiffanymyers', 'Tiffany Myers', 'tiffanymyers@gmail.com', '20091008', '1','20150126'),
('marcelinamoody', 'Marcelina Moody', 'marcelinamoody@gmail.com', '20141109', '3','20181203'),
('devontemathis', 'Devonte Mathis', 'devontemathis@gmail.com', '20020216', '4','20091127'),
('bradenabbott', 'Braden Abbott', 'bradenabbott@gmail.com', '20100712', '2','20141106'),
('eviemaecrane', 'EvieMae Crane', 'eviemaecrane@gmail.com', '20011211', '1','20030825'),
('balrajsimons', 'Balraj Simons', 'balrajsimons@gmail.com', '20020709', '1','20170418'),
('derryspencer', 'Derry Spencer', 'derryspencer@gmail.com', '20190408', '1','20190626'),
('asmaquintero', 'Asma Quintero', 'asmaquintero@gmail.com', '20050605', '2','20060222'),
('khushismith', 'Khushi Smith', 'khushismith@gmail.com', '20010816', '4','20020912'),
('santiagobowes', 'Santiago Bowes', 'santiagobowes@gmail.com', '20190424', '2','20190816'),
('emileerogers', 'Emilee Rogers', 'emileerogers@gmail.com', '20030626', '3','20170616'),
('delorescartwright', 'Delores Cartwright', 'delorescartwright@gmail.com', '20030916', '1','20050525'),
('ammaarenglish', 'Ammaar English', 'ammaarenglish@gmail.com', '20170401', '1','20190114'),
('nabilbentley', 'Nabil Bentley', 'nabilbentley@gmail.com', '20120706', '4','20160407'),
('dukelam', 'Duke Lam', 'dukelam@gmail.com', '20170818', '4','20190812'),
('rickhurley', 'Rick Hurley', 'rickhurley@gmail.com', '20080704', '3','20090825'),
('tanialeon', 'Tania Leon', 'tanialeon@gmail.com', '20020512', '1','20080805'),
('marisagray', 'Marisa Gray', 'marisagray@gmail.com', '20100601', '3','20181104'),
('mateoventura', 'Mateo Ventura', 'mateoventura@gmail.com', '20130512', '2','20160726'),
('serenityguzman', 'Serenity Guzman', 'serenityguzman@gmail.com', '20060926', '4','20081204'),
('anumcotton', 'Anum Cotton', 'anumcotton@gmail.com', '20020917', '3','20060612'),
('abucook', 'Abu Cook', 'abucook@gmail.com', '20110913', '1','20161114'),
('eoingaines', 'Eoin Gaines', 'eoingaines@gmail.com', '20111206', '2','20170110'),
('massimowiley', 'Massimo Wiley', 'massimowiley@gmail.com', '20081203', '3','20190803'),
('jezcosta', 'Jez Costa', 'jezcosta@gmail.com', '20031226', '2','20080628'),
('shanaefrost', 'Shanae Frost', 'shanaefrost@gmail.com', '20080814', '2','20190625'),
('cohanmcphee', 'Cohan Mcphee', 'cohanmcphee@gmail.com', '20150929', '3','20170304'),
('martynholder', 'Martyn Holder', 'martynholder@gmail.com', '20080408', '1','20100302'),
('ieuanbyrd', 'Ieuan Byrd', 'ieuanbyrd@gmail.com', '20080318', '4','20130121'),
('coltonneville', 'Colton Neville', 'coltonneville@gmail.com', '20050813', '4','20130830'),
('victornieves', 'Victor Nieves', 'victornieves@gmail.com', '20070801', '2','20090905'),
('sheridanwharton', 'Sheridan Wharton', 'sheridanwharton@gmail.com', '20060123', '3','20081030'),
('saimasantana', 'Saima Santana', 'saimasantana@gmail.com', '20140315', '4','20170213'),
('lillianwoods', 'Lillian Woods', 'lillianwoods@gmail.com', '20061014', '3','20100113'),
('louisacross', 'Louisa Cross', 'louisacross@gmail.com', '20020207', '1','20050322'),
('riyaroach', 'Riya Roach', 'riyaroach@gmail.com', '20161102', '1','20190219'),
('sidneyclark', 'Sidney Clark', 'sidneyclark@gmail.com', '20120912', '2','20140207'),
('liahowell', 'Lia Howell', 'liahowell@gmail.com', '20010417', '2','20011005'),
('sarahjaneturnbull', 'SarahJane Turnbull', 'sarahjaneturnbull@gmail.com', '20151218', '1','20180314'),
('sydneypaine', 'Sydney Paine', 'sydneypaine@gmail.com', '20150610', '3','20170919'),
('adrianawolfe', 'Adriana Wolfe', 'adrianawolfe@gmail.com', '20150509', '3','20160512'),
('lynnlloyd', 'Lynn Lloyd', 'lynnlloyd@gmail.com', '20151122', '4','20161126'),
('shanipowell', 'Shani Powell', 'shanipowell@gmail.com', '20090819', '4','20190120'),
('bretsnow', 'Bret Snow', 'bretsnow@gmail.com', '20111228', '2','20140808'),
('leighawilcox', 'Leigha Wilcox', 'leighawilcox@gmail.com', '20161119', '2','20170325'),
('kristahodge', 'Krista Hodge', 'kristahodge@gmail.com', '20121017', '4','20130725'),
('avnikent', 'Avni Kent', 'avnikent@gmail.com', '20100425', '1','20141129'),
('yvettemaguire', 'Yvette Maguire', 'yvettemaguire@gmail.com', '20131128', '1','20140126'),
('christosaldred', 'Christos Aldred', 'christosaldred@gmail.com', '20111230', '1','20180310'),
('maredtraynor', 'Mared Traynor', 'maredtraynor@gmail.com', '20140304', '3','20170604'),
('liliwheatley', 'Lili Wheatley', 'liliwheatley@gmail.com', '20040725', '4','20110815'),
('dollyshaffer', 'Dolly Shaffer', 'dollyshaffer@gmail.com', '20180625', '2','20180713'),
('ruebenduncan', 'Rueben Duncan', 'ruebenduncan@gmail.com', '20070923', '3','20160320'),
('nathaliehayward', 'Nathalie Hayward', 'nathaliehayward@gmail.com', '20061231', '3','20161127'),
('jazminepayne', 'Jazmine Payne', 'jazminepayne@gmail.com', '20080129', '3','20150823'),
('emrepineda', 'Emre Pineda', 'emrepineda@gmail.com', '20100124', '3','20171223'),
('merlinbarker', 'Merlin Barker', 'merlinbarker@gmail.com', '20150217', '1','20150729'),
('jethrorussell', 'Jethro Russell', 'jethrorussell@gmail.com', '20030525', '3','20061005'),
('nikhilbyers', 'Nikhil Byers', 'nikhilbyers@gmail.com', '20160323', '2','20181126'),
('kitrandall', 'Kit Randall', 'kitrandall@gmail.com', '20130529', '4','20150509'),
('calumcrosby', 'Calum Crosby', 'calumcrosby@gmail.com', '20110531', '4','20110912'),
('stephenyang', 'Stephen Yang', 'stephenyang@gmail.com', '20121228', '3','20151221'),
('griffahmed', 'Griff Ahmed', 'griffahmed@gmail.com', '20070528', '1','20150722'),
('shaynehinton', 'Shayne Hinton', 'shaynehinton@gmail.com', '20180512', '2','20181022'),
('amandeepalford', 'Amandeep Alford', 'amandeepalford@gmail.com', '20180604', '3','20190531'),
('melodymcbride', 'Melody Mcbride', 'melodymcbride@gmail.com', '20100520', '4','20120511'),
('martynarodrigues', 'Martyna Rodrigues', 'martynarodrigues@gmail.com', '20170309', '4','20180207'),
('jordioquinn', 'Jordi OQuinn', 'jordioquinn@gmail.com', '20030201', '3','20161016'),
('tasnimrobbins', 'Tasnim Robbins', 'tasnimrobbins@gmail.com', '20150701', '1','20190201'),
('shanicebaxter', 'Shanice Baxter', 'shanicebaxter@gmail.com', '20120716', '2','20190910'),
('jamieleearellano', 'JamieLee Arellano', 'jamieleearellano@gmail.com', '20131208', '1','20160223'),
('ivobrowne', 'Ivo Browne', 'ivobrowne@gmail.com', '20081113', '1','20180521'),
('corbanboone', 'Corban Boone', 'corbanboone@gmail.com', '20161103', '1','20181010'),
('bradleywilliamson', 'Bradley Williamson', 'bradleywilliamson@gmail.com', '20190612', '1','20190721'),
('manonalexander', 'Manon Alexander', 'manonalexander@gmail.com', '20171001', '1','20180927'),
('cathyworthington', 'Cathy Worthington', 'cathyworthington@gmail.com', '20171210', '3','20180621'),
('joshuadodson', 'Joshua Dodson', 'joshuadodson@gmail.com', '20090812', '2','20151206'),
('kristofermitchell', 'Kristofer Mitchell', 'kristofermitchell@gmail.com', '20170617', '4','20180516'),
('nilelandry', 'Nile Landry', 'nilelandry@gmail.com', '20030828', '3','20100913'),
('monicagilmour', 'Monica Gilmour', 'monicagilmour@gmail.com', '20161105', '3','20170111'),
('kodyramos', 'Kody Ramos', 'kodyramos@gmail.com', '20110420', '4','20160715'),
('scarlethendrix', 'Scarlet Hendrix', 'scarlethendrix@gmail.com', '20131031', '4','20190323'),
('korbenrhodes', 'Korben Rhodes', 'korbenrhodes@gmail.com', '20011011', '2','20130503'),
('simraconrad', 'Simra Conrad', 'simraconrad@gmail.com', '20140129', '1','20190414'),
('brendasykes', 'Brenda Sykes', 'brendasykes@gmail.com', '20030401', '1','20030903'),
('tahliaking', 'Tahlia King', 'tahliaking@gmail.com', '20140412', '1','20190516'),
('kelisreyna', 'Kelis Reyna', 'kelisreyna@gmail.com', '20100910', '3','20130703'),
('maddysnyder', 'Maddy Snyder', 'maddysnyder@gmail.com', '20010917', '1','20181113'),
('johnathontyson', 'Johnathon Tyson', 'johnathontyson@gmail.com', '20001005', '1','20040820'),
('munacurtis', 'Muna Curtis', 'munacurtis@gmail.com', '20001102', '4','20110709'),
('elyshapope', 'Elysha Pope', 'elyshapope@gmail.com', '20040727', '2','20180518'),
('kamronemery', 'Kamron Emery', 'kamronemery@gmail.com', '20011018', '1','20110309'),
('brettfranco', 'Brett Franco', 'brettfranco@gmail.com', '20040603', '4','20070129'),
('julesoliver', 'Jules Oliver', 'julesoliver@gmail.com', '20100507', '3','20190922'),
('lenniehouston', 'Lennie Houston', 'lenniehouston@gmail.com', '20100812', '1','20180708'),
('daanishgreene', 'Daanish Greene', 'daanishgreene@gmail.com', '20060418', '3','20180715'),
('aasiyahsalinas', 'Aasiyah Salinas', 'aasiyahsalinas@gmail.com', '20150303', '2','20190817'),
('alasdairsteele', 'Alasdair Steele', 'alasdairsteele@gmail.com', '20080520', '3','20110428'),
('jordanleecampbell', 'JordanLee Campbell', 'jordanleecampbell@gmail.com', '20101116', '3','20140626'),
('tyreesehansen', 'Tyreese Hansen', 'tyreesehansen@gmail.com', '20110523', '1','20160210');

INSERT INTO compra (usuarioId, planId, fechaGenerada, fechaPaga) VALUES 
('tiffanymyers', '2', '20090531', '20150722'),
('marcelinamoody', '3', '20061123', '20081201'),
('devontemathis', '2', '20010109', '20190116'),
('bradenabbott', '2', '20141010', '20180812'),
('eviemaecrane', '1', '20181025', '20190928'),
('balrajsimons', '4', '20010907', '20151115'),
('derryspencer', '1', '20010421', '20161216'),
('asmaquintero', '3', '20190820', '20190906'),
('khushismith', '2', '20090429', '20101126'),
('santiagobowes', '2', '20190330', '20190915'),
('emileerogers', '3', '20190323', '20190928'),
('delorescartwright', '4', '20120118', '20121219'),
('ammaarenglish', '4', '20010413', '20140205'),
('nabilbentley', '3', '20140219', '20181025'),
('dukelam', '4', '20060616', '20110509'),
('rickhurley', '4', '20040327', '20090320'),
('tanialeon', '4', '20120304', '20180228'),
('marisagray', '3', '20190313', '20190330'),
('mateoventura', '4', '20060322', '20060924'),
('serenityguzman', '3', '20020504', '20161015'),
('anumcotton', '4', '20090202', '20160721'),
('abucook', '1', '20040508', '20060130'),
('eoingaines', '1', '20031202', '20100918'),
('massimowiley', '3', '20020210', '20021011'),
('jezcosta', '3', '20010830', '20190718'),
('shanaefrost', '3', '20150618', '20170412'),
('cohanmcphee', '1', '20060317', '20061214'),
('martynholder', '3', '20170614', '20180312'),
('ieuanbyrd', '1', '20141106', '20191007'),
('coltonneville', '4', '20150918', '20170709'),
('victornieves', '2', '20110915', '20161003'),
('sheridanwharton', '2', '20170623', '20190723'),
('saimasantana', '4', '20090623', '20100816'),
('lillianwoods', '1', '20041025', '20150224'),
('louisacross', '3', '20190605', '20190918'),
('riyaroach', '4', '20170722', '20190127'),
('sidneyclark', '4', '20001108', '20081221'),
('liahowell', '1', '20181001', '20190126'),
('sarahjaneturnbull', '1', '20141010', '20160819'),
('sydneypaine', '1', '20150311', '20171224'),
('adrianawolfe', '3', '20070315', '20180327'),
('lynnlloyd', '2', '20070607', '20130503'),
('shanipowell', '1', '20110807', '20130807'),
('bretsnow', '1', '20170129', '20190420'),
('leighawilcox', '2', '20000203', '20150212'),
('kristahodge', '4', '20070810', '20140103'),
('avnikent', '3', '20190529', '20190910'),
('yvettemaguire', '3', '20050926', '20181128'),
('christosaldred', '2', '20140616', '20180111'),
('maredtraynor', '4', '20080902', '20120531'),
('liliwheatley', '3', '20170903', '20180406'),
('dollyshaffer', '4', '20171015', '20190702'),
('ruebenduncan', '3', '20031229', '20171014'),
('nathaliehayward', '2', '20030929', '20051028'),
('jazminepayne', '4', '20160616', '20190513'),
('emrepineda', '1', '20060708', '20160730'),
('merlinbarker', '1', '20190911', '20191007'),
('jethrorussell', '4', '20040116', '20040710'),
('nikhilbyers', '4', '20021017', '20100212'),
('kitrandall', '2', '20060907', '20071007'),
('calumcrosby', '2', '20120712', '20151221'),
('stephenyang', '1', '20141120', '20190104'),
('griffahmed', '2', '20030706', '20101207'),
('shaynehinton', '2', '20090714', '20160518'),
('amandeepalford', '2', '20090915', '20151104'),
('melodymcbride', '2', '20070914', '20110820'),
('martynarodrigues', '1', '20070711', '20091110'),
('jordioquinn', '4', '20190217', '20190801'),
('tasnimrobbins', '3', '20000512', '20070527'),
('shanicebaxter', '1', '20190720', '20190802'),
('jamieleearellano', '4', '20100330', '20101229'),
('ivobrowne', '1', '20020514', '20120815'),
('corbanboone', '2', '20080820', '20130216'),
('bradleywilliamson', '4', '20050115', '20070313'),
('manonalexander', '3', '20190529', '20190828'),
('cathyworthington', '4', '20030802', '20140110'),
('joshuadodson', '4', '20120423', '20121126'),
('kristofermitchell', '4', '20010402', '20110708'),
('nilelandry', '2', '20051013', '20100110'),
('monicagilmour', '4', '20190309', '20190329'),
('kodyramos', '4', '20071130', '20130514'),
('scarlethendrix', '2', '20080606', '20170912'),
('korbenrhodes', '4', '20091110', '20111030'),
('simraconrad', '2', '20051221', '20190428'),
('brendasykes', '3', '20061206', '20161028'),
('tahliaking', '2', '20120701', '20191009'),
('kelisreyna', '4', '20020122', '20160324'),
('maddysnyder', '4', '20100408', '20190827'),
('johnathontyson', '4', '20100814', '20170402'),
('munacurtis', '4', '20020301', '20060920'),
('elyshapope', '1', '20051110', '20180829'),
('kamronemery', '2', '20150819', '20190508'),
('brettfranco', '3', '20130511', '20160822'),
('julesoliver', '2', '20010308', '20150525'),
('lenniehouston', '2', '20150717', '20180524'),
('daanishgreene', '2', '20190427', '20191018'),
('aasiyahsalinas', '4', '20021209', '20160502'),
('alasdairsteele', '3', '20020116', '20151225'),
('jordanleecampbell', '2', '20070911', '20151211'),
('tyreesehansen', '4', '20180605', '20180623');



INSERT INTO playList(playListNombre,usuarioId,playListFechaCreacion,esPlayListCurada) VALUES
('Acoustic Blues','shanipowell','20000113',0),
('African Blues','cathyworthington','20030706',1),
('Blues Rock','corbanboone','20020531',0),
('Blues Shouter','rickhurley','20050426',1),
('British Blues','coltonneville','20040204',0),
('Canadian Blues','sarahjaneturnbull','20070319',0),
('Chicago Blues','asmaquintero','20111023',1),
('Classic Blues','simraconrad','20111019',0),
('Classic Female Blues','yvettemaguire','20170810',1),
('Truck-Driving Countr','cohanmcphee','20151210',0),
('Urban Cowboy','tasnimrobbins','20090522',1),
('Western Swing','santiagobowes','20000916',1),
('Zydeco','serenityguzman','20071123',0),
('Acid Techno','liahowell','20161220',1),
('Detroit Techno','ruebenduncan','20120722',1),
('Free Tekno','kamronemery','20140324',0),
('Ghettotech','julesoliver','20010901',0),
('Acoustic Techno','shanipowell','20000113',0),
('African Techno','cathyworthington','20030706',1),
('Techno Rock','corbanboone','20020531',0),
('Techno Shouter','rickhurley','20050426',1),
('British Techno','coltonneville','20040204',0),
('Canadian Techno','sarahjaneturnbull','20070319',0),
('Chicago Techno','asmaquintero','20111023',1),
('Classic Techno','simraconrad','20111019',0),
('Classic Female Techno','yvettemaguire','20170810',1),
('Truck-Driving Metal','cohanmcphee','20151210',0),
('Urban Swing','tasnimrobbins','20090522',1),
('Western Cowboy','santiagobowes','20000916',1),
('New Zydeco','serenityguzman','20071123',0),
('Acid Blues','liahowell','20161220',1),
('Detroit Blues','ruebenduncan','20120722',1),
('Free Blues','kamronemery','20140324',0),
('New Ghettotech','julesoliver','20010901',0);


INSERT INTO playListCancion(playListId,cancionId) VALUES
(12,71),(12,25),(12,78),(12,77),(12,29),(12,100),(12,79),(12,47),(12,36),(12,66),(12,3),
(4,63),(4,21),(4,42),(4,86),(4,11),(4,4),(4,69),(4,93),(4,47),(4,92),(4,77),(4,25),
(9,34),(9,49),(9,45),(9,10),(9,85),(9,61),(9,88),(9,96),(9,48),(9,19),(9,68),(9,18),
(30,49),(30,85),(30,30),(30,3),(30,66),(30,65),(30,25),(30,62),(30,53),(30,12),(30,55),(30,24),
(1,86),(1,52),(1,80),(1,89),(1,45),(1,54),(1,22),(1,24),(1,32),(1,23),(1,67),
(31,67),(31,23),(31,95),(31,19),(31,38),(31,13),(31,65),(31,6),(31,100),(31,14),(31,55),(31,43),
(13,67),(13,28),(13,86),(13,79),(13,40),(13,42),(13,62),(13,96),(13,4),(13,41),(13,14),
(3,59),(3,53),(3,54),(3,37),(3,48),(3,98),(3,55),(3,50),(3,5),(3,61),(3,56),
(26,62),(26,66),(26,60),(26,20),(26,1),(26,48),(26,11),(26,17),(26,63),(26,46),(26,75),(26,13),
(19,61),(19,38),(19,74),(19,47),(19,80),(19,32),(19,84),(19,64),(19,77),(19,36),(19,70),
(1,81),(1,21),(1,83),(1,69),(1,36),(1,29),(1,1),(1,42),(1,92),(1,33),(1,37),(1,84),
(20,45),(20,33),(20,96),(20,38),(20,57),(20,1),(20,23),(20,90),(20,91),(20,71),(20,50),
(20,76),(20,22),(20,6),(20,53),(20,13),(20,84),(20,14),(20,18),(20,10),(20,25),
(32,79),(32,49),(32,47),(32,16),(32,75),(32,51),(32,66),(32,7),(32,48),(32,57),(32,46),(32,39),
(15,54),(15,41),(15,5),(15,100),(15,18),(15,37),(15,28),(15,50),(15,39),(15,30),(15,76),
(33,56),(33,50),(33,90),(33,84),(33,30),(33,13),(33,80),(33,7),(33,82),(33,21),(33,77),(33,60),
(29,99),(29,88),(29,94),(29,31),(29,52),(29,15),(29,79),(29,3),(29,46),(29,89),(29,7),(29,91);


-- se deben generar otros datos de prueba, la fecha debe incluir hhMMss y no se pueden repetir.
INSERT INTO historialCancion (historialCancionFecha, usuarioId, cancionId) VALUES 
('20140809', 'joshuadodson', 96),
('20140713', 'maredtraynor', 30),
('20101027', 'aasiyahsalinas', 54),
('20100614', 'shaynehinton', 35),
('20160213', 'jethrorussell', 21),
('20140727', 'korbenrhodes', 25),
('20190506', 'aasiyahsalinas', 3),
('20180630', 'jordanleecampbell', 33),
('20111106', 'tiffanymyers', 62),
('20190731', 'mateoventura', 80),
('20170612', 'eviemaecrane', 66),
('20140201', 'jezcosta', 76),
('20150615', 'ieuanbyrd', 47),
('20170408', 'martynholder', 31),
('20130403', 'alasdairsteele', 51),
('20131213', 'tiffanymyers', 87),
('20140727', 'bradenabbott', 42),
('20180723', 'dollyshaffer', 41),
('20160417', 'scarlethendrix', 4),
('20190527', 'merlinbarker', 95),
('20111126', 'ruebenduncan', 6),
('20140531', 'ieuanbyrd', 10),
('20160918', 'christosaldred', 38),
('20121018', 'coltonneville', 45),
('20130110', 'abucook', 69),
('20120415', 'asmaquintero', 62),
('20140607', 'yvettemaguire', 80),
('20180308', 'manonalexander', 67),
('20120103', 'scarlethendrix', 19),
('20181126', 'balrajsimons', 61),
('20100330', 'merlinbarker', 69),
('20171228', 'lynnlloyd', 48),
('20181025', 'dukelam', 38),
('20150215', 'emrepineda', 74),
('20121217', 'daanishgreene', 15),
('20110407', 'eviemaecrane', 99),
('20141005', 'aasiyahsalinas', 16),
('20180117', 'tyreesehansen', 1),
('20120619', 'shaynehinton', 36),
('20160307', 'coltonneville', 78),
('20120730', 'ivobrowne', 45),
('20140329', 'tiffanymyers', 67),
('20170304', 'kristahodge', 13),
('20151208', 'kelisreyna', 57),
('20160625', 'tahliaking', 39),
('20130830', 'jamieleearellano', 75),
('20120612', 'nikhilbyers', 20),
('20151124', 'nathaliehayward', 34),
('20141020', 'kristofermitchell', 70),
('20100624', 'bradenabbott', 21),
('20140531', 'marcelinamoody', 23),
('20100326', 'martynholder', 7),
('20190203', 'calumcrosby', 40),
('20120619', 'balrajsimons', 76),
('20150929', 'nathaliehayward', 54),
('20150308', 'ruebenduncan', 17),
('20150613', 'calumcrosby', 42),
('20150905', 'johnathontyson', 20),
('20190320', 'elyshapope', 77),
('20171103', 'kristofermitchell', 63),
('20170629', 'louisacross', 9),
('20171021', 'martynarodrigues', 60),
('20190902', 'cathyworthington', 91),
('20151116', 'tasnimrobbins', 80),
('20190417', 'shanipowell', 60),
('20170617', 'saimasantana', 3),
('20130211', 'jethrorussell', 89),
('20151125', 'serenityguzman', 66),
('20150819', 'khushismith', 75),
('20190329', 'martynarodrigues', 35),
('20180623', 'kristahodge', 1),
('20111028', 'griffahmed', 14),
('20170409', 'saimasantana', 69),
('20180926', 'anumcotton', 54),
('20140625', 'marisagray', 69),
('20130620', 'bradenabbott', 50),
('20180220', 'jethrorussell', 46),
('20121029', 'sidneyclark', 65),
('20131219', 'emileerogers', 48),
('20141218', 'dollyshaffer', 13),
('20150622', 'tiffanymyers', 78),
('20180501', 'tiffanymyers', 92),
('20131008', 'devontemathis', 70),
('20170606', 'christosaldred', 70),
('20170802', 'tyreesehansen', 60),
('20131017', 'asmaquintero', 40),
('20101223', 'jordanleecampbell', 30),
('20161203', 'griffahmed', 41),
('20130410', 'munacurtis', 55),
('20120722', 'liliwheatley', 14),
('20180803', 'elyshapope', 18),
('20140803', 'khushismith', 44),
('20140208', 'santiagobowes', 4),
('20190207', 'christosaldred', 54),
('20150327', 'ivobrowne', 59),
('20111226', 'jordanleecampbell', 51),
('20190525', 'ieuanbyrd', 89),
('20121229', 'joshuadodson', 21),
('20120629', 'nabilbentley', 24),
('20190708', 'derryspencer', 72),
('20190329', 'lillianwoods', 20),
('20120525', 'shanaefrost', 83),
('20180305', 'simraconrad', 86),
('20160705', 'eviemaecrane', 76),
('20150831', 'coltonneville', 4),
('20190413', 'louisacross', 96),
('20180812', 'derryspencer', 21),
('20100403', 'santiagobowes', 51),
('20100815', 'tiffanymyers', 28),
('20150330', 'lenniehouston', 75),
('20190325', 'kitrandall', 83),
('20120123', 'cathyworthington', 35),
('20180203', 'rickhurley', 62),
('20121209', 'alasdairsteele', 93),
('20150106', 'liahowell', 4),
('20141020', 'emrepineda', 60),
('20170927', 'melodymcbride', 25),
('20181031', 'eviemaecrane', 86),
('20170826', 'shaynehinton', 27),
('20180205', 'daanishgreene', 6),
('20100826', 'joshuadodson', 82),
('20110728', 'melodymcbride', 34),
('20110330', 'marisagray', 74),
('20120504', 'kristahodge', 60),
('20190118', 'tasnimrobbins', 27),
('20120608', 'khushismith', 58),
('20141114', 'martynholder', 97),
('20130120', 'sarahjaneturnbull', 54),
('20110321', 'santiagobowes', 96),
('20130921', 'martynarodrigues', 67),
('20181120', 'jamieleearellano', 99),
('20190501', 'julesoliver', 26),
('20140810', 'dukelam', 16),
('20161023', 'nilelandry', 37),
('20120606', 'serenityguzman', 47),
('20170430', 'bretsnow', 85),
('20180611', 'shanipowell', 92),
('20120714', 'merlinbarker', 49),
('20110713', 'marisagray', 84),
('20160731', 'riyaroach', 47),
('20120801', 'sydneypaine', 12),
('20161014', 'rickhurley', 70),
('20150918', 'kitrandall', 36),
('20111127', 'munacurtis', 66),
('20181123', 'simraconrad', 27),
('20170619', 'brettfranco', 20),
('20180515', 'tahliaking', 48),
('20111024', 'christosaldred', 51),
('20150205', 'merlinbarker', 50),
('20180208', 'ammaarenglish', 32),
('20110818', 'serenityguzman', 99),
('20160413', 'eoingaines', 34),
('20141022', 'kodyramos', 46),
('20100410', 'kristahodge', 72),
('20100522', 'shanicebaxter', 57),
('20160204', 'bradenabbott', 18),
('20100614', 'aasiyahsalinas', 64),
('20170225', 'kristofermitchell', 79),
('20111219', 'shaynehinton', 45),
('20170512', 'brendasykes', 88),
('20150926', 'tasnimrobbins', 94),
('20140201', 'elyshapope', 4),
('20140224', 'shaynehinton', 12),
('20141209', 'dukelam', 19),
('20101211', 'johnathontyson', 14),
('20150208', 'shanicebaxter', 91),
('20161127', 'monicagilmour', 40),
('20110927', 'bretsnow', 96),
('20170126', 'nathaliehayward', 66),
('20140330', 'manonalexander', 39),
('20140703', 'anumcotton', 57),
('20191005', 'manonalexander', 68),
('20190721', 'jazminepayne', 12),
('20111110', 'louisacross', 82),
('20100923', 'ivobrowne', 45),
('20170220', 'avnikent', 78),
('20150217', 'coltonneville', 11),
('20170415', 'jordanleecampbell', 89),
('20100520', 'kristofermitchell', 91),
('20111226', 'calumcrosby', 7),
('20150911', 'kristahodge', 23),
('20100616', 'jordioquinn', 39),
('20151218', 'joshuadodson', 3),
('20130709', 'johnathontyson', 67),
('20160817', 'jordanleecampbell', 80),
('20120827', 'mateoventura', 34),
('20180701', 'cohanmcphee', 56),
('20120418', 'marisagray', 95),
('20190121', 'mateoventura', 15),
('20180524', 'emileerogers', 34),
('20180420', 'nilelandry', 60),
('20150411', 'jordioquinn', 49),
('20170101', 'ammaarenglish', 3),
('20120927', 'liliwheatley', 39),
('20171206', 'jezcosta', 35),
('20180106', 'jethrorussell', 80),
('20120407', 'jezcosta', 81),
('20151117', 'derryspencer', 18),
('20120203', 'dollyshaffer', 7),
('20171121', 'tahliaking', 30),
('20121005', 'jezcosta', 58),
('20110514', 'rickhurley', 9),
('20181004', 'melodymcbride', 62),
('20101221', 'asmaquintero', 40),
('20130127', 'nikhilbyers', 14),
('20141126', 'devontemathis', 56),
('20100306', 'scarlethendrix', 5),
('20160602', 'nabilbentley', 29),
('20160321', 'ivobrowne', 65),
('20140624', 'shanipowell', 55),
('20170301', 'nilelandry', 59),
('20130314', 'devontemathis', 51),
('20161115', 'mateoventura', 58),
('20160409', 'shaynehinton', 53),
('20181222', 'delorescartwright', 12),
('20160508', 'shanipowell', 96),
('20120924', 'nathaliehayward', 35),
('20101024', 'tiffanymyers', 85),
('20120302', 'bradleywilliamson', 84),
('20161029', 'lenniehouston', 46),
('20180621', 'jezcosta', 27),
('20100902', 'sydneypaine', 13),
('20130924', 'kitrandall', 50),
('20110213', 'abucook', 6),
('20160119', 'nabilbentley', 44),
('20101229', 'tahliaking', 99),
('20110930', 'marcelinamoody', 30),
('20100109', 'nabilbentley', 63),
('20180901', 'ivobrowne', 29),
('20171207', 'johnathontyson', 42),
('20140211', 'sarahjaneturnbull', 20),
('20170113', 'santiagobowes', 46),
('20150810', 'nilelandry', 36),
('20150822', 'leighawilcox', 53),
('20180312', 'maddysnyder', 17),
('20150415', 'shaynehinton', 79),
('20170321', 'derryspencer', 85),
('20110712', 'aasiyahsalinas', 43),
('20120403', 'serenityguzman', 61),
('20160130', 'jezcosta', 43),
('20100424', 'shanaefrost', 24),
('20130515', 'christosaldred', 39),
('20170806', 'kitrandall', 55),
('20151030', 'amandeepalford', 4),
('20161106', 'kodyramos', 63),
('20161014', 'shaynehinton', 10),
('20130110', 'melodymcbride', 87),
('20130913', 'tahliaking', 51),
('20180924', 'liliwheatley', 97),
('20150417', 'kodyramos', 88),
('20130101', 'rickhurley', 16),
('20141121', 'balrajsimons', 75),
('20111018', 'marisagray', 6),
('20170902', 'julesoliver', 52),
('20140507', 'marcelinamoody', 74),
('20140430', 'mateoventura', 45),
('20100721', 'amandeepalford', 79),
('20190608', 'ammaarenglish', 76),
('20110508', 'munacurtis', 17),
('20161029', 'liahowell', 91),
('20121203', 'louisacross', 27),
('20170210', 'korbenrhodes', 16),
('20130428', 'derryspencer', 89),
('20130930', 'bradenabbott', 56),
('20140101', 'stephenyang', 90),
('20181012', 'shaynehinton', 88),
('20120325', 'khushismith', 99),
('20141104', 'maredtraynor', 48),
('20100828', 'jordioquinn', 3),
('20180914', 'marisagray', 55),
('20140816', 'shanaefrost', 8),
('20110112', 'joshuadodson', 3),
('20100604', 'ivobrowne', 97),
('20110326', 'tasnimrobbins', 99),
('20181112', 'liliwheatley', 7),
('20160229', 'eoingaines', 24),
('20100706', 'serenityguzman', 85),
('20170709', 'stephenyang', 41),
('20130524', 'johnathontyson', 82),
('20101216', 'ruebenduncan', 95),
('20130220', 'liliwheatley', 52),
('20141219', 'joshuadodson', 40),
('20190520', 'sarahjaneturnbull', 60),
('20190503', 'munacurtis', 76),
('20130512', 'tahliaking', 19),
('20190514', 'sidneyclark', 70),
('20120821', 'serenityguzman', 33),
('20130509', 'marisagray', 37),
('20120313', 'sidneyclark', 77),
('20180406', 'bretsnow', 70),
('20120516', 'jazminepayne', 35),
('20180219', 'lillianwoods', 15),
('20171115', 'serenityguzman', 47),
('20180923', 'joshuadodson', 71),
('20160918', 'jezcosta', 95),
('20160906', 'sydneypaine', 97),
('20151213', 'eoingaines', 36),
('20150521', 'kelisreyna', 14),
('20111221', 'jethrorussell', 2),
('20170811', 'anumcotton', 58),
('20130501', 'balrajsimons', 24),
('20171022', 'nikhilbyers', 58),
('20170528', 'jordanleecampbell', 99),
('20161108', 'melodymcbride', 70),
('20151130', 'nabilbentley', 65),
('20140106', 'serenityguzman', 62),
('20120504', 'avnikent', 87),
('20181217', 'shanaefrost', 10),
('20110222', 'coltonneville', 58),
('20180928', 'coltonneville', 1),
('20120531', 'bretsnow', 98),
('20190131', 'tahliaking', 90),
('20191018', 'anumcotton', 31),
('20120328', 'elyshapope', 55),
('20160516', 'korbenrhodes', 21),
('20180312', 'maredtraynor', 30),
('20150104', 'jethrorussell', 44),
('20100924', 'tahliaking', 73),
('20140725', 'saimasantana', 70),
('20160622', 'nilelandry', 46),
('20111113', 'kristofermitchell', 7),
('20101001', 'marisagray', 30),
('20140228', 'scarlethendrix', 74),
('20151106', 'martynarodrigues', 47),
('20101213', 'simraconrad', 34),
('20120809', 'jordioquinn', 99),
('20101005', 'monicagilmour', 70),
('20120223', 'griffahmed', 45),
('20100517', 'kitrandall', 86),
('20140207', 'nikhilbyers', 84),
('20190114', 'avnikent', 71),
('20170621', 'asmaquintero', 67),
('20190523', 'alasdairsteele', 41),
('20151020', 'tanialeon', 85),
('20161117', 'ruebenduncan', 95),
('20190826', 'cathyworthington', 76),
('20130702', 'maredtraynor', 61),
('20150413', 'calumcrosby', 86),
('20180128', 'bretsnow', 30),
('20110811', 'jazminepayne', 71),
('20130130', 'elyshapope', 82),
('20180316', 'ivobrowne', 6),
('20130821', 'martynholder', 42),
('20150128', 'jordioquinn', 72),
('20190210', 'marisagray', 52),
('20160303', 'jethrorussell', 54),
('20160911', 'saimasantana', 30),
('20110425', 'louisacross', 72),
('20100618', 'coltonneville', 22),
('20130404', 'martynholder', 31),
('20100618', 'maredtraynor', 59),
('20110104', 'tasnimrobbins', 77),
('20140509', 'manonalexander', 18),
('20101102', 'corbanboone', 14),
('20171012', 'martynholder', 89),
('20130423', 'scarlethendrix', 71),
('20101123', 'joshuadodson', 3),
('20120518', 'elyshapope', 21),
('20180109', 'brettfranco', 26),
('20150201', 'alasdairsteele', 67),
('20140703', 'nilelandry', 54),
('20170102', 'jazminepayne', 69),
('20121208', 'nathaliehayward', 66),
('20130830', 'khushismith', 96),
('20140228', 'louisacross', 87),
('20130426', 'brendasykes', 56),
('20150711', 'santiagobowes', 25),
('20100723', 'kristahodge', 97),
('20130821', 'liliwheatley', 13),
('20180204', 'eviemaecrane', 41),
('20160515', 'bretsnow', 49),
('20170629', 'dollyshaffer', 70),
('20110522', 'saimasantana', 1),
('20140531', 'melodymcbride', 64),
('20180606', 'jordanleecampbell', 38),
('20101022', 'yvettemaguire', 1),
('20160619', 'ruebenduncan', 7),
('20130802', 'korbenrhodes', 61),
('20190421', 'amandeepalford', 52),
('20190111', 'emileerogers', 91),
('20190501', 'sheridanwharton', 22),
('20130615', 'griffahmed', 65),
('20180330', 'lynnlloyd', 32),
('20130927', 'lillianwoods', 60),
('20180831', 'joshuadodson', 33),
('20130416', 'alasdairsteele', 91),
('20110609', 'bretsnow', 62),
('20150729', 'jamieleearellano', 18),
('20190423', 'jazminepayne', 58),
('20140218', 'bradenabbott', 8),
('20121221', 'lynnlloyd', 51),
('20111215', 'mateoventura', 94),
('20181126', 'ivobrowne', 59),
('20171028', 'mateoventura', 91),
('20101120', 'stephenyang', 9),
('20180117', 'kamronemery', 12),
('20121207', 'amandeepalford', 65),
('20181205', 'munacurtis', 25),
('20161223', 'johnathontyson', 46),
('20141202', 'marcelinamoody', 43),
('20101202', 'coltonneville', 50),
('20160201', 'liahowell', 54),
('20141231', 'stephenyang', 94),
('20140209', 'maredtraynor', 3),
('20100327', 'leighawilcox', 85),
('20110805', 'ammaarenglish', 4),
('20160828', 'ivobrowne', 99),
('20130105', 'munacurtis', 42),
('20140613', 'sarahjaneturnbull', 12),
('20101229', 'rickhurley', 72),
('20101220', 'scarlethendrix', 73),
('20160210', 'derryspencer', 45),
('20121001', 'merlinbarker', 84),
('20170826', 'mateoventura', 58),
('20110716', 'tyreesehansen', 26),
('20190908', 'devontemathis', 71),
('20170531', 'jordioquinn', 49),
('20190902', 'riyaroach', 19),
('20131018', 'coltonneville', 14),
('20140327', 'tiffanymyers', 31),
('20180612', 'christosaldred', 29),
('20140730', 'aasiyahsalinas', 52),
('20101003', 'bradleywilliamson', 40),
('20131128', 'sarahjaneturnbull', 61),
('20120926', 'brettfranco', 39),
('20191003', 'jezcosta', 47),
('20170126', 'maredtraynor', 21),
('20100321', 'ivobrowne', 64),
('20150619', 'bretsnow', 40),
('20120219', 'sheridanwharton', 55),
('20190512', 'adrianawolfe', 51),
('20110508', 'jezcosta', 55),
('20141108', 'shanicebaxter', 88),
('20181006', 'kristofermitchell', 72),
('20120822', 'jordanleecampbell', 14),
('20130731', 'kodyramos', 46),
('20110814', 'stephenyang', 14),
('20180901', 'sheridanwharton', 20),
('20151102', 'jazminepayne', 54),
('20171031', 'asmaquintero', 69),
('20181122', 'jamieleearellano', 47),
('20170813', 'monicagilmour', 39),
('20120221', 'shanicebaxter', 19),
('20190921', 'merlinbarker', 65),
('20131028', 'bretsnow', 23),
('20110105', 'delorescartwright', 23),
('20110121', 'liliwheatley', 55),
('20170923', 'kamronemery', 44),
('20140903', 'mateoventura', 40),
('20130919', 'mateoventura', 1),
('20111014', 'nilelandry', 39),
('20121016', 'kristahodge', 91),
('20120119', 'maredtraynor', 74),
('20180410', 'riyaroach', 95),
('20150219', 'shanipowell', 92),
('20160613', 'devontemathis', 6),
('20150405', 'daanishgreene', 20),
('20171115', 'johnathontyson', 57),
('20170930', 'lillianwoods', 37),
('20170501', 'eviemaecrane', 8),
('20170324', 'coltonneville', 8),
('20131202', 'santiagobowes', 72),
('20120812', 'derryspencer', 40),
('20190824', 'calumcrosby', 29),
('20150410', 'calumcrosby', 28),
('20181009', 'kamronemery', 43),
('20160704', 'corbanboone', 92),
('20190924', 'lenniehouston', 70),
('20160502', 'bradleywilliamson', 42),
('20120902', 'joshuadodson', 15),
('20120324', 'lillianwoods', 75),
('20111203', 'jezcosta', 96),
('20170522', 'anumcotton', 87),
('20181125', 'avnikent', 43),
('20121107', 'dollyshaffer', 79),
('20111225', 'kristahodge', 94),
('20110916', 'shanaefrost', 57),
('20100119', 'eoingaines', 70),
('20170408', 'nathaliehayward', 49),
('20120418', 'dollyshaffer', 61),
('20110708', 'kamronemery', 74),
('20120115', 'rickhurley', 32),
('20170629', 'joshuadodson', 33),
('20150319', 'ruebenduncan', 51),
('20170216', 'abucook', 67),
('20110708', 'kitrandall', 97),
('20171202', 'monicagilmour', 43),
('20120801', 'martynarodrigues', 11),
('20151014', 'maddysnyder', 58),
('20140925', 'jamieleearellano', 40),
('20130410', 'coltonneville', 63),
('20140312', 'brendasykes', 3),
('20100602', 'kamronemery', 67),
('20150423', 'anumcotton', 16),
('20160315', 'ieuanbyrd', 41),
('20190626', 'eoingaines', 70),
('20170104', 'derryspencer', 48),
('20160816', 'emileerogers', 93),
('20101113', 'lynnlloyd', 38),
('20170726', 'bradleywilliamson', 13),
('20170427', 'merlinbarker', 86),
('20100102', 'khushismith', 19),
('20180820', 'tanialeon', 79),
('20181127', 'monicagilmour', 90),
('20130930', 'munacurtis', 77),
('20161126', 'sheridanwharton', 44),
('20170924', 'saimasantana', 12),
('20120811', 'saimasantana', 64),
('20171207', 'jethrorussell', 6),
('20110816', 'marisagray', 77),
('20180910', 'lynnlloyd', 45),
('20110401', 'jordanleecampbell', 11),
('20190623', 'marcelinamoody', 63),
('20161014', 'jazminepayne', 63),
('20150706', 'shanicebaxter', 63),
('20110115', 'emileerogers', 58),
('20120215', 'eviemaecrane', 24),
('20181225', 'riyaroach', 27),
('20160519', 'yvettemaguire', 90),
('20190911', 'nikhilbyers', 81),
('20190531', 'jamieleearellano', 69),
('20170428', 'maddysnyder', 17),
('20101105', 'victornieves', 34),
('20161216', 'amandeepalford', 18),
('20121107', 'dukelam', 78),
('20130929', 'christosaldred', 26),
('20110331', 'marisagray', 93),
('20130315', 'amandeepalford', 28),
('20170301', 'shaynehinton', 4),
('20171104', 'kodyramos', 20),
('20170415', 'brettfranco', 39),
('20130309', 'sydneypaine', 71),
('20140924', 'christosaldred', 30),
('20190816', 'nilelandry', 90),
('20150511', 'bretsnow', 28),
('20100718', 'brettfranco', 66),
('20100707', 'tasnimrobbins', 85),
('20190623', 'tanialeon', 4),
('20110813', 'monicagilmour', 37),
('20150731', 'kamronemery', 71),
('20110913', 'cohanmcphee', 10),
('20140816', 'balrajsimons', 63),
('20160415', 'lenniehouston', 79),
('20121105', 'victornieves', 10),
('20150521', 'devontemathis', 27),
('20170524', 'sarahjaneturnbull', 34),
('20110929', 'ieuanbyrd', 57),
('20151101', 'mateoventura', 22),
('20100402', 'jordioquinn', 58),
('20170701', 'stephenyang', 1),
('20130826', 'anumcotton', 24),
('20131024', 'saimasantana', 18),
('20100508', 'jamieleearellano', 39),
('20110507', 'avnikent', 97),
('20101121', 'adrianawolfe', 80),
('20110416', 'jamieleearellano', 12),
('20110310', 'jordanleecampbell', 5),
('20140610', 'stephenyang', 98),
('20190202', 'ammaarenglish', 19),
('20190626', 'elyshapope', 57),
('20180701', 'cathyworthington', 25),
('20190301', 'abucook', 59),
('20180827', 'calumcrosby', 36),
('20170912', 'sidneyclark', 27),
('20100724', 'julesoliver', 41),
('20150910', 'saimasantana', 38),
('20190708', 'jethrorussell', 9),
('20100517', 'balrajsimons', 31),
('20160201', 'maredtraynor', 52),
('20100518', 'kristahodge', 19),
('20160922', 'khushismith', 57),
('20100813', 'louisacross', 73),
('20140426', 'stephenyang', 62),
('20160610', 'bradenabbott', 10),
('20140812', 'coltonneville', 15),
('20180212', 'brendasykes', 56),
('20170331', 'tasnimrobbins', 90),
('20140528', 'marisagray', 51),
('20170316', 'maredtraynor', 67),
('20100323', 'elyshapope', 5),
('20180131', 'kelisreyna', 73),
('20100305', 'tasnimrobbins', 79),
('20141130', 'shaynehinton', 81),
('20150531', 'nilelandry', 41),
('20180311', 'korbenrhodes', 49),
('20181211', 'ivobrowne', 81),
('20130112', 'brendasykes', 10),
('20151218', 'daanishgreene', 50),
('20130107', 'mateoventura', 64),
('20131215', 'stephenyang', 20),
('20130519', 'louisacross', 20),
('20140321', 'cathyworthington', 60),
('20160206', 'sheridanwharton', 1),
('20100204', 'kelisreyna', 41),
('20170930', 'tanialeon', 46),
('20130728', 'emileerogers', 65),
('20120726', 'stephenyang', 79),
('20161013', 'kelisreyna', 7),
('20100612', 'massimowiley', 63),
('20100328', 'shanicebaxter', 55),
('20190827', 'dollyshaffer', 13),
('20180126', 'elyshapope', 61),
('20101110', 'sydneypaine', 99),
('20180202', 'stephenyang', 81),
('20171209', 'merlinbarker', 78),
('20150528', 'aasiyahsalinas', 5),
('20150927', 'daanishgreene', 78),
('20180621', 'abucook', 54),
('20170309', 'devontemathis', 88),
('20120212', 'daanishgreene', 58),
('20181225', 'tyreesehansen', 56),
('20150114', 'yvettemaguire', 80),
('20150311', 'maredtraynor', 62),
('20120514', 'riyaroach', 74),
('20190215', 'balrajsimons', 86),
('20100507', 'elyshapope', 49),
('20150816', 'tyreesehansen', 88),
('20170227', 'tyreesehansen', 9),
('20181223', 'cathyworthington', 23),
('20120930', 'sidneyclark', 40),
('20121225', 'emrepineda', 30),
('20150526', 'daanishgreene', 64),
('20140812', 'daanishgreene', 47),
('20101113', 'sidneyclark', 89),
('20120716', 'ammaarenglish', 8),
('20180630', 'santiagobowes', 93),
('20190301', 'liliwheatley', 1),
('20111226', 'monicagilmour', 1),
('20131006', 'brendasykes', 44),
('20190201', 'victornieves', 53),
('20140517', 'derryspencer', 30),
('20180804', 'marcelinamoody', 38),
('20190904', 'delorescartwright', 26),
('20110114', 'daanishgreene', 68),
('20171022', 'julesoliver', 87),
('20130703', 'victornieves', 42),
('20110102', 'daanishgreene', 15),
('20151117', 'korbenrhodes', 20),
('20181010', 'abucook', 46),
('20150331', 'nikhilbyers', 25),
('20170922', 'ivobrowne', 18),
('20130721', 'ruebenduncan', 82),
('20140422', 'amandeepalford', 16),
('20130221', 'maddysnyder', 54),
('20131027', 'eoingaines', 1),
('20170519', 'ivobrowne', 38),
('20100723', 'tyreesehansen', 57),
('20100704', 'kodyramos', 18),
('20100116', 'victornieves', 32),
('20141111', 'martynarodrigues', 90),
('20100621', 'ammaarenglish', 67),
('20100225', 'delorescartwright', 58),
('20151013', 'kristahodge', 11),
('20180201', 'nikhilbyers', 65),
('20150701', 'sydneypaine', 97),
('20100723', 'aasiyahsalinas', 44),
('20170817', 'victornieves', 8),
('20180417', 'balrajsimons', 76),
('20180831', 'maredtraynor', 81),
('20180914', 'corbanboone', 36),
('20170117', 'sheridanwharton', 1),
('20110104', 'tanialeon', 45),
('20150128', 'sheridanwharton', 51),
('20101010', 'christosaldred', 71),
('20180624', 'kitrandall', 39),
('20180220', 'abucook', 15),
('20120406', 'simraconrad', 32),
('20100625', 'jezcosta', 47),
('20140422', 'kodyramos', 80),
('20121224', 'delorescartwright', 99),
('20171023', 'daanishgreene', 8),
('20171005', 'corbanboone', 2),
('20141030', 'khushismith', 76),
('20161228', 'shanicebaxter', 64),
('20100929', 'joshuadodson', 56),
('20131024', 'joshuadodson', 59),
('20101130', 'griffahmed', 67),
('20151020', 'dollyshaffer', 78),
('20110208', 'riyaroach', 71),
('20171227', 'munacurtis', 37),
('20181224', 'victornieves', 35),
('20180202', 'sheridanwharton', 13),
('20130813', 'sheridanwharton', 67),
('20100303', 'nathaliehayward', 63),
('20190930', 'ieuanbyrd', 94),
('20161112', 'liahowell', 12),
('20190327', 'brendasykes', 31),
('20150810', 'derryspencer', 41),
('20131229', 'sidneyclark', 93),
('20180311', 'sarahjaneturnbull', 4),
('20190603', 'shanaefrost', 51),
('20170216', 'griffahmed', 99),
('20100617', 'coltonneville', 61),
('20181230', 'joshuadodson', 56),
('20120925', 'emrepineda', 61),
('20141225', 'brendasykes', 70),
('20151230', 'ammaarenglish', 43),
('20150326', 'khushismith', 84),
('20151028', 'kamronemery', 52),
('20161113', 'scarlethendrix', 64),
('20190623', 'shanipowell', 55),
('20190623', 'sarahjaneturnbull', 59),
('20180114', 'ruebenduncan', 1),
('20120207', 'kitrandall', 56),
('20100726', 'amandeepalford', 2),
('20100613', 'rickhurley', 38),
('20190124', 'liahowell', 32),
('20100523', 'yvettemaguire', 50),
('20130930', 'martynholder', 36),
('20151116', 'bretsnow', 96),
('20121129', 'joshuadodson', 43),
('20130806', 'asmaquintero', 57),
('20160409', 'stephenyang', 54),
('20111215', 'nilelandry', 68),
('20140610', 'marisagray', 65),
('20190517', 'shanipowell', 44),
('20170921', 'martynholder', 10),
('20170822', 'khushismith', 45),
('20190430', 'ruebenduncan', 32),
('20150601', 'dollyshaffer', 87),
('20110421', 'emrepineda', 35),
('20171119', 'corbanboone', 56),
('20140422', 'nathaliehayward', 3),
('20190908', 'corbanboone', 24),
('20130227', 'stephenyang', 50),
('20180306', 'abucook', 23),
('20190327', 'brettfranco', 2),
('20101016', 'aasiyahsalinas', 16),
('20140822', 'yvettemaguire', 80),
('20100128', 'joshuadodson', 18),
('20170705', 'balrajsimons', 26),
('20160706', 'tasnimrobbins', 61),
('20130525', 'marisagray', 20),
('20170817', 'sydneypaine', 26),
('20121119', 'maredtraynor', 8),
('20100129', 'jethrorussell', 39),
('20131015', 'ammaarenglish', 31),
('20110218', 'kamronemery', 98),
('20140526', 'rickhurley', 84),
('20130702', 'merlinbarker', 9),
('20151204', 'elyshapope', 24),
('20181201', 'derryspencer', 56),
('20190424', 'massimowiley', 44),
('20101016', 'ammaarenglish', 30),
('20160511', 'anumcotton', 80),
('20140807', 'jordanleecampbell', 89),
('20130812', 'jethrorussell', 44),
('20160315', 'riyaroach', 78),
('20110314', 'jazminepayne', 21),
('20110404', 'calumcrosby', 98),
('20180611', 'nabilbentley', 54),
('20130920', 'anumcotton', 33),
('20190330', 'jethrorussell', 83),
('20120624', 'balrajsimons', 88),
('20130612', 'scarlethendrix', 26),
('20120713', 'jordanleecampbell', 33),
('20180123', 'alasdairsteele', 63),
('20190528', 'tiffanymyers', 75),
('20110215', 'jazminepayne', 83),
('20180105', 'serenityguzman', 27),
('20120603', 'kristofermitchell', 19),
('20110131', 'marcelinamoody', 11),
('20111022', 'jazminepayne', 96),
('20140408', 'calumcrosby', 87),
('20150325', 'ammaarenglish', 26),
('20130719', 'manonalexander', 46),
('20180424', 'derryspencer', 87),
('20180114', 'ammaarenglish', 15),
('20161001', 'daanishgreene', 40),
('20151128', 'yvettemaguire', 56),
('20100715', 'martynholder', 43),
('20120803', 'bradenabbott', 44),
('20100216', 'shaynehinton', 53),
('20110821', 'lynnlloyd', 53),
('20141112', 'khushismith', 37),
('20150408', 'balrajsimons', 13),
('20150130', 'jordioquinn', 83),
('20180824', 'liahowell', 18),
('20130508', 'adrianawolfe', 46),
('20120222', 'jazminepayne', 14),
('20131107', 'tahliaking', 55),
('20150914', 'coltonneville', 24),
('20131208', 'nikhilbyers', 94),
('20150529', 'kristahodge', 21),
('20100217', 'bretsnow', 88),
('20100209', 'sydneypaine', 47),
('20121016', 'munacurtis', 68),
('20130112', 'emrepineda', 32),
('20190214', 'shaynehinton', 52),
('20110509', 'serenityguzman', 20),
('20150913', 'derryspencer', 47),
('20190121', 'victornieves', 24),
('20120403', 'jethrorussell', 92),
('20111022', 'simraconrad', 11),
('20111122', 'monicagilmour', 70),
('20170204', 'ieuanbyrd', 31),
('20160202', 'scarlethendrix', 31),
('20151128', 'cohanmcphee', 81),
('20100819', 'cathyworthington', 12),
('20170523', 'devontemathis', 11),
('20160506', 'lenniehouston', 77),
('20130702', 'kamronemery', 59),
('20140405', 'tasnimrobbins', 96),
('20110723', 'leighawilcox', 50),
('20150914', 'ivobrowne', 53),
('20180423', 'christosaldred', 43),
('20121127', 'sarahjaneturnbull', 44),
('20110201', 'lenniehouston', 3),
('20140210', 'jamieleearellano', 84),
('20171222', 'yvettemaguire', 52),
('20131017', 'shanicebaxter', 5),
('20190621', 'melodymcbride', 35),
('20160504', 'nikhilbyers', 48),
('20120618', 'marcelinamoody', 22),
('20181023', 'jordanleecampbell', 86),
('20120527', 'coltonneville', 30),
('20151117', 'dollyshaffer', 50),
('20190815', 'lynnlloyd', 79),
('20150311', 'jamieleearellano', 56),
('20180615', 'kamronemery', 21),
('20181117', 'victornieves', 91),
('20120111', 'sarahjaneturnbull', 59),
('20100907', 'nabilbentley', 89),
('20110116', 'leighawilcox', 27),
('20140920', 'ammaarenglish', 34),
('20170707', 'serenityguzman', 30),
('20110818', 'derryspencer', 59),
('20110402', 'lenniehouston', 62),
('20171222', 'elyshapope', 66),
('20170927', 'julesoliver', 34),
('20170301', 'santiagobowes', 28),
('20130614', 'nilelandry', 20),
('20110916', 'serenityguzman', 38),
('20110104', 'corbanboone', 39),
('20170917', 'sydneypaine', 93),
('20121110', 'liliwheatley', 41),
('20100429', 'nikhilbyers', 65),
('20160218', 'manonalexander', 32),
('20140106', 'shanicebaxter', 28),
('20150917', 'joshuadodson', 57),
('20100204', 'delorescartwright', 41),
('20170616', 'santiagobowes', 49),
('20190717', 'tasnimrobbins', 96),
('20100422', 'munacurtis', 68),
('20110131', 'kristofermitchell', 1),
('20141004', 'marcelinamoody', 88),
('20110921', 'liliwheatley', 86),
('20120430', 'tyreesehansen', 1),
('20161216', 'korbenrhodes', 69),
('20180912', 'asmaquintero', 54);
