

USE OBLIGATORIOBD2
GO

INSERT INTO ZONAS (ZonaNom, ZonaDescrip) VALUES 
('Redwing', 'nulla suspendisse potenti cras in purus eu magna vulputate luctus cum'),
('Center', 'in porttitor pede justo eu massa donec dapibus duis at velit eu est'),
('Eagan', 'tristique est et tempus semper est quam pharetra magna ac consequat metus sapien ut'),
('Clyde Gallagher', 'odio consequat varius integer ac leo pellentesque ultrices mattis odio donec '),
('Stoughton', 'ut dolor morbi vel lectus in quam fringilla rhoncus mauris enim leo rhoncus sed'),
('Stuart', 'quam pharetra magna ac consequat metus sapien ut nunc vestibulum ante ipsum primis'),
('Bay', 'in faucibus orci luctus et ultrices posuere cubilia curae donec'),
('Havey', 'enim lorem ipsum dolor sit amet consectetuer adipiscing elit proin'),
('Toban', 'potenti in eleifend quam a odio in hac habitasse platea dictumst maecenas'),
('Reindahl', 'proin eu mi nulla ac enim in tempor turpis nec'),
('Merrick', 'dapibus augue vel accumsan tellus nisi eu orci mauris lacinia sapien quis libero'),
('Evergreen', 'fermentum donec ut mauris eget massa tempor convallis nulla neque libero convallis '),
('Corry', 'lectus in quam fringilla rhoncus mauris enim leo rhoncus sed'),
('Sachtjen', 'ridiculus mus etiam vel augue vestibulum rutrum rutrum neque aenean auctor gravida sem'),
('Sullivan', 'elit proin risus praesent lectus vestibulum quam sapien varius ut blandit non interdum'),
('Crownhardt', 'blandit non interdum in ante vestibulum ante ipsum primis in faucibus orci luctus'),
('Express', 'donec ut dolor morbi vel lectus in quam fringilla rhoncus mauris enim leo rhoncus sed'),
('Esker', 'nibh in hac habitasse platea dictumst aliquam augue quam '),
('Pankratz', 'platea dictumst etiam faucibus cursus urna ut tellus nulla ut erat id mauris'),
('Hanover', 'consequat nulla nisl nunc nisl duis bibendum felis sed interdum');



INSERT INTO USUARIOS (Usuario, UsuPsw, UsuNomApp, UsuMail) VALUES 
('dpriter0', 'Vot2G6LVWY', 'Priter', 'bpriter0@amazonaws.com'),
('jodhams1', 'fNRdsN86pcSC', 'Odhams', 'wodhams1@sfgate.com'),
('ffraczak2', 'uukrsat7vWdI', 'Fraczak', 'bfraczak2@google.de'),
('jcasone3', 'SmH38qF', 'Casone', 'hcasone3@unicef.org'),
('mielden4', 'tAtNka1', 'Ielden', 'kielden4@walmart.com'),
('ycasaletto5', 'sgRoDRS7d', 'Casaletto', 'acasaletto5@ucsd.edu'),
('zjoannic6', 'rIhRr2XEQ', 'Joannic', 'jjoannic6@weibo.com'),
('mfossett7', 'tgkcTLyK7cf0', 'Fossett', 'mfossett7@wisc.edu'),
('cgoddman8', 'jLpLU5F', 'Goddman', 'bgoddman8@china.com.cn'),
('zhazeman9', 'F903IAV5J', 'Hazeman', 'ihazeman9@lulu.com'),
('hcrootea', 'dcr1EmEjr', 'Croote', 'lcrootea@unblog.fr'),
('ddouglassb', 'fJff5tK4J', 'Douglass', 'cdouglassb@slashdot.org'),
('gshakespearec', 'RNe3BTdenXfn3t', 'Shakespeare', 'hshakespearec@alibaba.com'),
('fleabeaterd', '5c1c1OF2', 'Leabeater', 'dleabeaterd@webeden.co.uk'),
('rmoffatte', 'X2iY30i', 'Moffatt', 'amoffatte@businessweek.com'),
('plumberf', 'SmrEp4Ob17', 'Lumber', 'wlumberf@wisc.edu'),
('crallsg', 'JB5qnd3tf', 'Ralls', 'srallsg@jalbum.net'),
('bkalinovichh', 'nQeA7H4BL', 'Kalinovich', 'pkalinovichh@skype.com'),
('daiskriggi', 'THvGB5w4gaHD', 'Aiskrigg', 'haiskriggi@latimes.com'),
('cshelfj', '9ItorDc4r1Z', 'Shelf', 'lshelfj@go.com'),
('ftudgayk', 'yio0uhjuSo5', 'Tudgay', 'htudgayk@sina.com.cn'),
('khanleyl', 'hJHoE4BNnU', 'Hanley', 'chanleyl@princeton.edu'),
('sminchintonm', 'kM7gBn6Tdcj', 'Minchinton', 'bminchintonm@bloglines.com'),
('jrandalsn', 'tQL3CxImdf', 'Randals', 'lrandalsn@cnn.com'),
('lhadekeo', 'X0gG57J4RO0uj', 'Hadeke', 'rhadekeo@google.co.uk'),
('ddellcasap', 'HcjsI2Axwud', 'Dell Casa', 'hdellcasap@prweb.com'),
('jkirscheq', '1Xx3pCWtdg8Vh', 'Kirsche', 'mkirscheq@diigo.com'),
('clafoyr', 'SIoLi6s', 'Lafoy', 'rlafoyr@cdbaby.com'),
('cmcpikes', 'SGZw2kHi3r', 'McPike', 'tmcpikes@studiopress.com'),
('efarrint', 'ZYMUos3PHcbgu', 'Farrin', 'lfarrint@state.tx.us'),
('hbrownsmithu', 'slkbW75PZfvE', 'Brownsmith', 'rbrownsmithu@hostgator.com'),
('zburnerv', 'CuTI23Ckk', 'Burner', 'sburnerv@mit.edu'),
('khaskinsw', '304IRLakpsvH', 'Haskins', 'khaskinsw@mediafire.com'),
('ntroyx', 'uB4Q5CP', 'Troy', 'jtroyx@google.pl'),
('tbuckenhilly', 'euR32M1w', 'Buckenhill', 'qbuckenhilly@acquirethisname.com'),
('cfettiplacez', 'ijZj1SdAZS', 'Fettiplace', 'lfettiplacez@paginegialle.it'),
('mserrell10', '7lwhOqkjcJC0', 'Serrell', 'dserrell10@boston.com'),
('cvardon11', 'TQlEbp863oyfqO', 'Vardon', 'vvardon11@tinypic.com'),
('ngodney12', 'MmjFAd9HTpC', 'Godney', 'agodney12@blog.com'),
('bliversage13', 'cu4b6suuL7T', 'Liversage', 'eliversage13@ameblo.jp'),
('udrewet14', 'WUYTOb53PSZ', 'Drewet', 'cdrewet14@netvibes.com'),
('fhowland15', 'b89QtB', 'Howland', 'ghowland15@tripod.com'),
('rvanyukov16', 'YMYH77', 'Vanyukov', 'evanyukov16@epa.gov'),
('lcristoferi17', 'mcv32X8f', 'Cristoferi', 'ecristoferi17@umich.edu'),
('beve18', 'NzyC2dqfZmB', 'Eve', 'keve18@yellowpages.com'),
('vtoward19', 'NMLhx2tuQ', 'Toward', 'mtoward19@themeforest.net'),
('dbazek1a', 'MlFDX1y', 'Bazek', 'sbazek1a@ted.com'),
('ecordeix1b', 'saUt5u4TVV', 'Cordeix', 'tcordeix1b@storify.com'),
('rclemmensen1c', 'XZQ3uK', 'Clemmensen', 'aclemmensen1c@discuz.net'),
('dricco1d', 'uaRz1h7R', 'Ricco', 'aricco1d@de.vu');


INSERT INTO EQUIPOS(EqpIP, EqpNom, EqpTipo, EqpSO, ZonaId) VALUES
('180.83.120.40', 'iames0', 'Terminal', 'MS-Windows', 6),
('140.175.48.60', 'bbanasiak1', 'Servidor', 'CentOS', 10),
('110.113.40.203', 'hbrotherick2', 'Tablet', 'Mac OS', 11),
('154.123.201.241', 'epearmain3', 'Impresora', 'Solaris', 11),
('8.159.4.223', 'pgorhardt4', 'Terminal', 'Ubuntu', 12),
('233.208.18.92', 'gffrench5', 'Servidor', 'Fedora', 9),
('76.0.158.197', 'cklassmann6', 'Tablet', 'Chrome OS', 1),
('168.128.125.126', 'jsampey7', 'Impresora', 'Debian', 12),
('177.121.37.171', 'ntinham8', 'Terminal', 'MS-Windows', 5),
('25.27.28.43', 'vbarks9', 'Servidor', 'CentOS', 17),
('13.135.252.106', 'gtookilla', 'Tablet', 'Mac OS', 10),
('90.238.85.5', 'ihuycheb', 'Impresora', 'Solaris', 5),
('241.172.153.143', 'agiffonc', 'Terminal', 'Ubuntu', 7),
('1.211.76.194', 'mwaylettd', 'Servidor', 'Fedora', 5),
('161.47.251.56', 'acovile', 'Tablet', 'Chrome OS', 16),
('180.145.210.118', 'hgledef', 'Impresora', 'Debian', 4),
('175.117.16.118', 'clibrig', 'Terminal', 'MS-Windows', 13),
('230.222.46.177', 'twerendellh', 'Servidor', 'CentOS', 2),
('25.152.56.144', 'rgoldsberryi', 'Tablet', 'Mac OS', 16),
('109.134.157.95', 'dbullentj', 'Impresora', 'Solaris', 7),
('19.115.52.111', 'cpopworthk', 'Terminal', 'Ubuntu', 12),
('174.130.92.230', 'gjowlingl', 'Servidor', 'Fedora', 20),
('65.218.245.26', 'swonfarm', 'Tablet', 'Chrome OS', 17),
('205.30.53.39', 'mburdgen', 'Impresora', 'Debian', 10),
('194.156.241.82', 'legglestono', 'Terminal', 'MS-Windows', 11),
('103.249.108.79', 'ibrimmacombep', 'Servidor', 'CentOS', 1),
('144.184.179.177', 'csweatmanq', 'Tablet', 'Mac OS', 2),
('25.70.39.28', 'gsentancer', 'Impresora', 'Solaris', 9),
('85.178.93.235', 'rminichillos', 'Terminal', 'Ubuntu', 4),
('32.95.98.191', 'aenochssont', 'Servidor', 'Fedora', 6),
('179.122.161.120', 'jcheseu', 'Tablet', 'Chrome OS', 8),
('211.139.239.96', 'rbricknerv', 'Impresora', 'Debian', 12),
('162.50.159.210', 'fgullifantw', 'Terminal', 'MS-Windows', 15),
('248.59.3.129', 'kaudrittx', 'Servidor', 'CentOS', 17),
('24.77.201.228', 'bthawy', 'Tablet', 'Mac OS', 3),
('170.134.173.123', 'breenz', 'Impresora', 'Solaris', 8),
('9.162.228.248', 'cantalffy10', 'Terminal', 'Ubuntu', 3),
('95.153.99.193', 'dfishlee11', 'Servidor', 'Fedora', 9),
('7.166.80.191', 'akeynes12', 'Tablet', 'Chrome OS', 15),
('167.34.134.38', 'eislep13', 'Impresora', 'Debian', 7),
('157.15.223.216', 'jlatan14', 'Terminal', 'MS-Windows', 6),
('208.22.20.176', 'vbeton15', 'Servidor', 'CentOS', 1),
('129.99.88.175', 'cblanking16', 'Tablet', 'Mac OS', 9),
('33.35.22.110', 'flismore17', 'Impresora', 'Solaris', 10),
('142.91.120.209', 'ecavanaugh18', 'Terminal', 'Ubuntu', 20),
('240.166.93.219', 'athompsett19', 'Servidor', 'Fedora', 1),
('196.214.182.21', 'hellicock1a', 'Tablet', 'Chrome OS', 11),
('74.238.225.230', 'rmorphew1b', 'Impresora', 'Debian', 20),
('34.195.86.81', 'jlamke1c', 'Terminal', 'MS-Windows', 10),
('102.1.178.101', 'dskittrall1d', 'Servidor', 'CentOS', 10),
('99.151.123.86', 'tcamilli1e', 'Tablet', 'Mac OS', 7),
('168.115.102.214', 'clauks1f', 'Impresora', 'Solaris', 13),
('66.246.221.34', 'rdevoy1g', 'Terminal', 'Ubuntu', 13),
('31.176.14.3', 'kbly1h', 'Servidor', 'Fedora', 16),
('165.233.105.182', 'dvickerstaff1i', 'Tablet', 'Chrome OS', 5),
('194.208.136.84', 'jcud1j', 'Impresora', 'Debian', 6),
('185.3.24.161', 'agoulding1k', 'Terminal', 'MS-Windows', 18),
('94.231.160.98', 'ebodechon1l', 'Servidor', 'CentOS', 1),
('211.129.40.85', 'btoffoletto1m', 'Tablet', 'Mac OS', 14),
('92.224.118.149', 'mphilliskirk1n', 'Impresora', 'Solaris', 17),
('181.135.212.19', 'jdumper1o', 'Terminal', 'Ubuntu', 1),
('45.160.244.27', 'cwethered1p', 'Servidor', 'Fedora', 18),
('204.68.225.199', 'lpeerman1q', 'Tablet', 'Chrome OS', 4),
('204.20.82.46', 'cozintsev1r', 'Impresora', 'Debian', 9),
('229.151.245.15', 'delger1s', 'Terminal', 'MS-Windows', 7),
('221.168.137.252', 'rogle1t', 'Servidor', 'CentOS', 18),
('199.243.211.13', 'abranchett1u', 'Tablet', 'Mac OS', 9),
('123.14.250.202', 'mkort1v', 'Impresora', 'Solaris', 5),
('57.106.194.83', 'jwalstow1w', 'Terminal', 'Ubuntu', 13),
('152.111.5.64', 'roxburgh1x', 'Servidor', 'Fedora', 14),
('90.228.117.196', 'pesland1y', 'Tablet', 'Chrome OS', 3),
('44.248.214.212', 'dparadise1z', 'Impresora', 'Debian', 20),
('56.55.96.104', 'gaiton20', 'Terminal', 'MS-Windows', 4),
('66.142.4.33', 'mlissandri21', 'Servidor', 'CentOS', 5),
('144.118.47.94', 'bfarnie22', 'Tablet', 'Mac OS', 2),
('116.54.14.253', 'bclay23', 'Impresora', 'Solaris', 15),
('95.181.127.150', 'cscemp24', 'Terminal', 'Ubuntu', 11),
('30.201.77.164', 'jcastledine25', 'Servidor', 'Fedora', 7),
('149.22.71.108', 'bkitteman26', 'Tablet', 'Chrome OS', 6),
('30.12.7.109', 'broloff27', 'Impresora', 'Debian', 10),
('134.219.140.137', 'ahumpherson28', 'Terminal', 'MS-Windows', 20),
('116.235.166.80', 'fsweeney29', 'Servidor', 'CentOS', 4),
('242.41.234.183', 'tgloves2a', 'Tablet', 'Mac OS', 16),
('168.182.221.30', 'vboddymead2b', 'Impresora', 'Solaris', 19),
('71.3.194.65', 'pcowderay2c', 'Terminal', 'Ubuntu', 4),
('15.31.193.200', 'hcarr2d', 'Servidor', 'Fedora', 12),
('54.177.53.248', 'ltubbs2e', 'Tablet', 'Chrome OS', 12),
('38.232.160.207', 'tstrangeways2f', 'Impresora', 'Debian', 15),
('92.107.0.92', 'gjillions2g', 'Terminal', 'MS-Windows', 5),
('181.251.140.31', 'baudibert2h', 'Servidor', 'CentOS', 7),
('138.126.226.35', 'fhexum2i', 'Tablet', 'Mac OS', 18),
('169.116.128.237', 'dcrotch2j', 'Impresora', 'Solaris', 14),
('81.41.64.197', 'tthormwell2k', 'Terminal', 'Ubuntu', 15),
('63.20.100.32', 'dpavelka2l', 'Servidor', 'Fedora', 17),
('141.48.33.93', 'abaudrey2m', 'Tablet', 'Chrome OS', 16),
('32.220.7.128', 'oartz2n', 'Impresora', 'Debian', 6),
('215.60.63.142', 'mhatcliffe2o', 'Terminal', 'MS-Windows', 1),
('174.169.28.104', 'mallsupp2p', 'Servidor', 'CentOS', 5),
('94.205.31.19', 'mdabell2q', 'Tablet', 'Mac OS', 13),
('83.70.157.138', 'ptimby2r', 'Impresora', 'Solaris', 12);


INSERT INTO PERMISOSCNX (Usuario, ZonaID, Habilitado) VALUES
('khanleyl', 20, 'NO'),
('mfossett7', 17, 'SI'),
('khanleyl', 12, 'NO'),
('ycasaletto5', 20, 'SI'),
('ecordeix1b', 3, 'NO'),
('vtoward19', 7, 'SI'),
('dbazek1a', 2, 'NO'),
('khaskinsw', 19, 'SI'),
('mfossett7', 7, 'NO'),
('fhowland15', 3, 'SI'),
('zjoannic6', 3, 'NO'),
('ngodney12', 13, 'SI'),
('mielden4', 10, 'NO'),
('mserrell10', 2, 'SI'),
('lcristoferi17', 6, 'NO'),
('mserrell10', 8, 'SI'),
('efarrint', 6, 'NO'),
('ecordeix1b', 16, 'SI'),
('bkalinovichh', 8, 'NO'),
('jcasone3', 19, 'SI'),
('dricco1d', 12, 'NO'),
('udrewet14', 15, 'SI'),
('gshakespearec', 1, 'NO'),
('ftudgayk', 3, 'SI'),
('fleabeaterd', 19, 'NO'),
('tbuckenhilly', 17, 'SI'),
('udrewet14', 12, 'NO'),
('hcrootea', 17, 'SI'),
('ftudgayk', 10, 'NO'),
('daiskriggi', 7, 'SI'),
('cgoddman8', 18, 'NO'),
('tbuckenhilly', 6, 'SI'),
('hcrootea', 10, 'NO'),
('cgoddman8', 20, 'SI'),
('ycasaletto5', 15, 'NO'),
('fleabeaterd', 9, 'SI'),
('ftudgayk', 17, 'NO'),
('tbuckenhilly', 19, 'NO'),
('mielden4', 19, 'NO'),
('zjoannic6', 2, 'NO'),
('zburnerv', 14, 'NO'),
('udrewet14', 1, 'NO'),
('jodhams1', 3, 'NO'),
('beve18', 8, 'NO'),
('dricco1d', 19, 'NO'),
('zburnerv', 8, 'NO'),
('zburnerv', 2, 'NO'),
('efarrint', 16, 'NO'),
('lhadekeo', 9, 'NO'),
('khanleyl', 11, 'SI'),
('plumberf', 4, 'SI'),
('jrandalsn', 9, 'SI'),
('plumberf', 17, 'SI'),
('dpriter0', 9, 'SI'),
('ftudgayk', 9, 'SI'),
('jrandalsn', 20, 'SI'),
('fleabeaterd', 1, 'SI'),
('tbuckenhilly', 3, 'SI'),
('beve18', 1, 'NO'),
('jcasone3', 2, 'NO'),
('clafoyr', 15, 'NO'),
('jcasone3', 6, 'SI'),
('ddouglassb', 14, 'SI'),
('sminchintonm', 18, 'NO'),
('mfossett7', 10, 'NO'),
('gshakespearec', 9, 'NO'),
('rvanyukov16', 15, 'NO'),
('cshelfj', 14, 'NO'),
('rmoffatte', 12, 'SI'),
('udrewet14', 10, 'NO'),
('tbuckenhilly', 11, 'SI'),
('hbrownsmithu', 20, 'SI'),
('hcrootea', 15, 'NO'),
('hcrootea', 8, 'NO'),
('tbuckenhilly', 12, 'NO'),
('udrewet14', 16, 'NO'),
('ecordeix1b', 15, 'NO'),
('cmcpikes', 10, 'NO'),
('cshelfj', 2, 'NO'),
('hbrownsmithu', 11, 'NO'),
('jodhams1', 2, 'NO'),
('ntroyx', 11, 'NO'),
('bliversage13', 20, 'NO'),
('vtoward19', 3, 'NO'),
('daiskriggi', 2, 'SI'),
('beve18', 9, 'SI'),
('ddouglassb', 6, 'SI'),
('mserrell10', 14, 'SI'),
('khaskinsw', 6, 'SI'),
('lhadekeo', 12, 'SI'),
('udrewet14', 8, 'SI'),
('plumberf', 3, 'SI'),
('hcrootea', 19, 'NO'),
('zjoannic6', 12, 'NO'),
('lcristoferi17', 18, 'NO'),
('gshakespearec', 4, 'NO'),
('vtoward19', 2, 'NO'),
('khanleyl', 9, 'SI'),
('zburnerv', 17, 'SI'),
('cgoddman8', 19, 'SI'),
('ftudgayk', 5, 'NO'),
('ftudgayk', 16, 'NO'),
('rvanyukov16', 14, 'SI'),
('plumberf', 5, 'SI'),
('lcristoferi17', 13, 'NO'),
('jodhams1', 4, 'NO'),
('ddellcasap', 14, 'SI'),
('udrewet14', 18, 'NO'),
('jcasone3', 4, 'SI'),
('bkalinovichh', 10, 'NO'),
('bkalinovichh', 15, 'NO'),
('ycasaletto5', 14, 'SI'),
('cvardon11', 11, 'SI'),
('vtoward19', 6, 'NO'),
('ftudgayk', 19, 'NO'),
('bliversage13', 8, 'SI'),
('ddouglassb', 7, 'SI'),
('ddouglassb', 10, 'SI'),
('zjoannic6', 10, 'NO'),
('ddouglassb', 1, 'SI'),
('ddouglassb', 2, 'SI'),
('ddouglassb', 3, 'SI'),
('ddouglassb', 4, 'SI'),
('ddouglassb', 5, 'SI'),
('ddouglassb', 8, 'SI'),
('ddouglassb', 9, 'SI'),
('ddouglassb', 11, 'SI'),
('ddouglassb', 12, 'SI'),
('ddouglassb', 13, 'SI'),
('ddouglassb', 15, 'SI'),
('ddouglassb', 16, 'SI'),
('ddouglassb', 17, 'SI'),
('ddouglassb', 18, 'SI'),
('ddouglassb', 19, 'SI'),
('ddouglassb', 20, 'SI');




INSERT INTO TAREAS (TarEstado, TarHrsAcum, TarFchIni, TarFchFin, TarFchFPrev, TarDescrip) VALUES
('EN DESARROLLO', 10, '2019-12-06 00:16:23', '2020-11-12 20:57:06', '2020-07-26 09:10:22', 'Donec quis orci eget orci vehicula condimentum.'),
('CANCELADA', 7, '2020-06-25 11:27:36', null, '2021-01-29 19:06:41', 'Pellentesque at nulla.'),
('EN DESARROLLO', 20, '2020-02-11 05:17:53', '2020-07-08 08:25:29', '2020-09-06 07:07:54', 'Proin interdum mauris non ligula pellentesque ultrices.'),
('EN ESPERA', 11, '2019-12-24 12:53:32', '2020-08-25 10:28:03', '2020-10-31 02:46:17', 'Vivamus tortor.'),
('CANCELADA', 15, '2019-12-29 08:40:48', null, '2020-08-13 11:14:33', 'Proin leo odio, porttitor id, consequat in, consequat ut, nulla.'),
('EN DESARROLLO', 18, '2020-04-22 18:33:01', '2020-09-05 16:51:14', '2020-11-06 03:38:23', 'Integer pede justo, lacinia eget, tincidunt eget, tempus vel, pede.'),
('EN DESARROLLO', 18, '2020-06-17 16:18:35', null, '2020-10-04 22:30:27', 'In congue.'),
('RESUELTO', 5, '2020-01-13 21:53:01', '2020-08-25 08:39:56', '2021-01-23 22:42:22', 'Nullam varius.'),
('EN DESARROLLO', 4, '2020-04-20 04:57:02', '2020-10-31 16:57:15', '2020-12-14 23:03:13', 'Curabitur gravida nisi at nibh.'),
('CANCELADA', 7, '2019-12-28 14:12:38', '2020-10-09 09:42:52', '2021-02-03 20:08:20', 'Curabitur gravida nisi at nibh.'),
('EN ESPERA', 8, '2020-04-05 11:59:47', '2020-09-29 03:39:54', '2020-11-07 02:04:49', 'Nulla ut erat id mauris vulputate elementum.'),
('RESUELTO', 2, '2020-06-24 02:34:29', '2020-08-11 17:59:10', '2020-07-02 16:35:41', 'Aliquam sit amet diam in magna bibendum imperdiet.'),
('RESUELTO', 16, '2019-12-14 12:55:49', '2020-08-24 23:53:12', '2021-02-14 10:49:33', 'In tempor, turpis nec euismod scelerisque, quam turpis adipiscing lorem, vitae mattis nibh ligula nec sem.'),
('RESUELTO', 8, '2020-01-19 01:07:10', '2020-10-02 00:18:27', '2020-09-09 20:08:04', 'Nam ultrices, libero non mattis pulvinar, nulla pede ullamcorper augue, a suscipit nulla elit ac nulla.'),
('EN DESARROLLO', 15, '2020-06-24 10:55:06', '2020-09-15 06:55:53', '2020-11-02 00:44:18', 'Etiam pretium iaculis justo.'),
('RESUELTO', 8, '2019-12-21 07:16:25', '2020-07-17 22:32:47', '2020-12-12 17:39:23', 'Nam dui.'),
('CANCELADA', 20, '2020-02-03 00:03:28', '2020-09-09 01:14:58', '2020-08-02 05:42:01', 'Mauris ullamcorper purus sit amet nulla.'),
('EN ESPERA', 5, '2020-05-13 06:36:05', '2020-08-31 06:55:26', '2020-07-18 17:50:48', 'Curabitur convallis.'),
('CANCELADA', 17, '2019-12-31 20:23:44', '2020-07-15 04:59:01', '2021-01-09 03:07:19', 'Maecenas pulvinar lobortis est.'),
('EN ESPERA', 14, '2020-06-07 19:57:28', null, '2020-11-23 06:25:55', 'Nulla ut erat id mauris vulputate elementum.'),
('RESUELTO', 14, '2020-03-28 13:20:37', '2020-10-09 13:56:50', '2020-10-04 18:57:54', 'Nulla neque libero, convallis eget, eleifend luctus, ultricies eu, nibh.'),
('RESUELTO', 7, '2020-02-28 16:16:24', '2020-09-13 14:40:10', '2020-10-22 10:54:43', 'Vivamus vestibulum sagittis sapien.'),
('EN ESPERA', 10, '2020-03-26 17:39:25', null, '2020-10-08 18:05:38', 'Nulla neque libero, convallis eget, eleifend luctus, ultricies eu, nibh.'),
('CANCELADA', 5, '2020-06-12 11:00:29', null, '2020-11-18 18:56:50', 'Mauris enim leo, rhoncus sed, vestibulum sit amet, cursus id, turpis.'),
('EN DESARROLLO', 3, '2020-02-04 05:38:12', '2020-09-05 19:28:29', '2020-09-22 20:32:53', 'Morbi non lectus.'),
('CANCELADA', 20, '2020-05-14 13:13:15', null, '2021-01-08 19:57:48', 'Mauris enim leo, rhoncus sed, vestibulum sit amet, cursus id, turpis.'),
('EN DESARROLLO', 10, '2020-03-26 10:10:26', '2020-10-03 22:55:07', '2020-12-15 20:12:41', 'Donec odio justo, sollicitudin ut, suscipit a, feugiat et, eros.'),
('EN DESARROLLO', 19, '2020-06-22 00:27:59', '2020-08-19 07:40:56', '2020-11-15 23:56:50', 'Morbi vel lectus in quam fringilla rhoncus.'),
('EN ESPERA', 8, '2020-05-12 09:56:33', '2020-10-12 09:46:07', '2020-09-23 00:57:01', 'Donec diam neque, vestibulum eget, vulputate ut, ultrices vel, augue.'),
('EN DESARROLLO', 14, '2020-02-08 20:17:24', '2020-10-09 06:55:05', '2021-01-10 08:04:46', 'Quisque arcu libero, rutrum ac, lobortis vel, dapibus at, diam.'),
('CANCELADA', 14, '2020-06-16 16:16:03', '2020-10-13 10:06:24', '2021-02-16 02:35:43', 'Vivamus tortor.'),
('CANCELADA', 6, '2020-02-11 08:49:07', '2020-09-16 15:20:36', '2021-01-06 18:47:07', 'Praesent lectus.'),
('RESUELTO', 8, '2019-12-20 15:11:52', null, '2020-07-29 19:39:51', 'Duis bibendum.'),
('RESUELTO', 5, '2020-06-19 14:32:00', '2020-07-17 03:31:17', '2021-01-20 18:08:17', 'Etiam faucibus cursus urna.'),
('RESUELTO', 8, '2020-05-10 21:13:23', '2020-10-03 22:16:52', '2021-01-05 09:10:56', 'Nulla tellus.'),
('RESUELTO', 6, '2020-01-21 19:29:03', null, '2020-09-29 18:08:50', 'Vivamus tortor.'),
('EN ESPERA', 20, '2020-05-07 09:35:17', '2020-08-12 07:38:07', '2021-01-17 23:29:34', 'Donec vitae nisi.'),
('EN ESPERA', 7, '2020-01-27 17:44:08', '2020-07-05 23:30:20', '2020-08-17 17:11:57', 'Integer tincidunt ante vel ipsum.'),
('EN DESARROLLO', 12, '2020-01-02 14:25:21', '2020-08-22 12:58:35', '2020-10-24 21:03:13', 'Praesent lectus.'),
('RESUELTO', 2, '2020-05-01 07:36:49', '2020-07-19 22:45:14', '2020-09-18 22:37:16', 'Nunc nisl.'),
('CANCELADA', 10, '2019-11-20 17:04:03', null, '2020-11-02 16:11:37', 'Vestibulum ante ipsum primis in faucibus orci luctus et ultrices posuere cubilia Curae, Nulla dapibus dolor vel est.'),
('EN DESARROLLO', 18, '2020-02-05 22:40:53', '2020-08-24 03:42:30', '2020-12-20 09:01:07', 'Morbi sem mauris, laoreet ut, rhoncus aliquet, pulvinar sed, nisl.'),
('EN DESARROLLO', 16, '2020-06-25 13:47:29', '2020-11-27 21:01:34', '2020-08-09 20:03:55', 'Morbi a ipsum.'),
('EN ESPERA', 3, '2020-05-12 12:41:06', '2020-08-17 10:01:16', '2020-08-06 12:11:07', 'Proin leo odio, porttitor id, consequat in, consequat ut, nulla.'),
('EN ESPERA', 10, '2020-06-17 00:07:55', '2020-10-23 21:42:31', '2020-10-23 21:44:44', 'Duis bibendum, felis sed interdum venenatis, turpis enim blandit mi, in porttitor pede justo eu massa.'),
('EN ESPERA', 7, '2020-06-17 14:37:25', '2020-11-25 04:40:19', '2021-01-06 09:18:54', 'Morbi porttitor lorem id ligula.'),
('CANCELADA', 8, '2020-05-18 16:09:43', '2020-10-17 13:59:15', '2020-09-13 04:03:20', 'Morbi ut odio.'),
('CANCELADA', 10, '2020-05-06 07:07:11', '2020-09-23 00:38:08', '2020-11-06 05:44:00', 'Ut at dolor quis odio consequat varius.'),
('EN ESPERA', 6, '2020-06-25 14:38:17', '2020-07-20 08:20:33', '2020-09-10 14:23:28', 'Maecenas ut massa quis augue luctus tincidunt.'),
('CANCELADA', 17, '2020-05-30 22:27:53', '2020-07-22 12:30:47', '2021-02-07 16:30:16', 'Suspendisse accumsan tortor quis turpis.'),
('CANCELADA', 2, '2020-01-06 13:41:55', '2020-07-14 15:05:36', '2020-12-22 15:17:06', 'Duis consequat dui nec nisi volutpat eleifend.'),
('CANCELADA', 5, '2020-03-05 08:02:53', '2020-11-01 12:21:12', '2020-10-28 07:22:07', 'Nunc nisl.'),
('EN DESARROLLO', 19, '2020-01-27 07:35:21', '2020-07-16 20:52:35', '2021-01-21 19:31:22', 'Vivamus in felis eu sapien cursus vestibulum.'),
('CANCELADA', 9, '2020-06-30 10:18:12', '2020-09-30 23:29:18', '2020-07-13 22:46:02', 'Sed vel enim sit amet nunc viverra dapibus.'),
('CANCELADA', 7, '2020-02-16 08:48:20', '2020-09-04 10:04:21', '2020-08-25 07:04:48', 'Praesent blandit.'),
('EN DESARROLLO', 15, '2020-05-08 22:45:50', '2020-11-18 10:58:49', '2020-07-08 20:56:56', 'Cum sociis natoque penatibus et magnis dis parturient montes, nascetur ridiculus mus.'),
('EN ESPERA', 4, '2020-01-14 05:29:14', '2020-08-12 08:58:56', '2020-12-09 02:00:01', 'Nulla justo.'),
('EN ESPERA', 12, '2019-12-28 20:26:40', '2020-09-24 15:52:55', '2020-12-11 17:36:27', 'Integer non velit.'),
('EN ESPERA', 11, '2020-04-24 05:41:58', null, '2020-12-29 20:30:44', 'Morbi porttitor lorem id ligula.'),
('RESUELTO', 17, '2020-04-12 19:49:48', '2020-08-21 16:03:18', '2020-10-05 17:34:48', 'Morbi a ipsum.'),
('CANCELADA', 18, '2020-02-21 16:24:47', '2020-09-17 09:21:12', '2020-07-26 06:38:18', 'Cras mi pede, malesuada in, imperdiet et, commodo vulputate, justo.'),
('EN ESPERA', 19, '2020-04-20 06:59:23', null, '2020-10-18 22:34:54', 'Praesent id massa id nisl venenatis lacinia.'),
('EN DESARROLLO', 10, '2020-06-30 03:57:05', '2020-07-17 04:56:51', '2021-02-20 16:15:24', 'Donec ut mauris eget massa tempor convallis.'),
('EN DESARROLLO', 4, '2019-11-19 04:58:47', '2020-08-04 00:20:26', '2020-10-25 12:34:42', 'Cum sociis natoque penatibus et magnis dis parturient montes, nascetur ridiculus mus.'),
('EN DESARROLLO', 12, '2020-02-05 03:29:31', '2020-09-13 01:42:40', '2020-10-01 04:33:27', 'Donec dapibus.'),
('CANCELADA', 8, '2020-01-21 00:03:31', null, '2020-07-09 18:36:34', 'Cras non velit nec nisi vulputate nonummy.'),
('CANCELADA', 7, '2019-11-24 18:23:18', null, '2021-01-14 16:17:29', 'Vestibulum ante ipsum primis in faucibus orci luctus et ultrices posuere cubilia Curae, Duis faucibus accumsan odio.'),
('EN ESPERA', 18, '2020-01-15 17:26:33', '2020-08-06 23:13:04', '2020-11-12 23:18:24', 'Nunc purus.'),
('EN DESARROLLO', 19, '2020-02-01 09:41:15', '2020-08-01 10:21:44', '2020-09-22 18:01:48', 'Praesent lectus.'),
('RESUELTO', 19, '2020-03-23 02:45:57', '2020-09-10 08:19:22', '2020-09-30 16:05:28', 'Etiam pretium iaculis justo.'),
('RESUELTO', 13, '2020-06-02 17:39:28', '2020-07-04 06:09:11', '2021-02-25 03:50:40', 'In congue.'),
('EN DESARROLLO', 4, '2020-06-17 20:05:40', '2020-10-21 20:01:03', '2020-08-07 08:25:38', 'Nam tristique tortor eu pede.'),
('EN ESPERA', 18, '2020-02-10 20:35:58', null, '2020-09-26 12:13:49', 'Nulla ac enim.'),
('RESUELTO', 5, '2020-04-04 10:25:04', '2020-11-01 07:56:14', '2020-10-31 00:03:08', 'Donec dapibus.'),
('CANCELADA', 8, '2020-02-22 19:37:25', '2020-11-13 17:36:20', '2021-02-27 02:16:45', 'Nam dui.'),
('CANCELADA', 2, '2020-04-02 21:32:48', '2020-10-30 10:17:41', '2020-11-26 07:04:13', 'Donec posuere metus vitae ipsum.'),
('CANCELADA', 9, '2020-06-29 19:28:28', '2020-08-09 11:18:20', '2020-10-11 09:32:10', 'Nulla mollis molestie lorem.'),
('EN DESARROLLO', 3, '2019-12-10 18:46:41', '2020-08-28 20:31:13', '2020-11-15 13:38:58', 'Lorem ipsum dolor sit amet, consectetuer adipiscing elit.'),
('EN ESPERA', 4, '2020-03-10 10:58:33', '2020-11-21 00:50:07', '2020-12-09 14:16:17', 'Vivamus tortor.'),
('EN ESPERA', 9, '2020-06-05 23:54:33', '2020-11-27 05:15:21', '2020-11-20 02:26:20', 'Praesent id massa id nisl venenatis lacinia.'),
('RESUELTO', 15, '2020-04-23 09:21:22', '2020-11-27 14:37:45', '2021-02-25 01:08:44', 'Maecenas tristique, est et tempus semper, est quam pharetra magna, ac consequat metus sapien ut nunc.'),
('EN DESARROLLO', 12, '2020-04-22 22:33:20', null, '2020-11-29 17:01:56', 'Nullam porttitor lacus at turpis.'),
('CANCELADA', 15, '2019-12-15 19:47:38', '2020-07-10 22:51:19', '2020-12-11 13:03:55', 'Vestibulum ante ipsum primis in faucibus orci luctus et ultrices posuere cubilia Curae, Duis faucibus accumsan odio.'),
('CANCELADA', 10, '2019-12-28 05:35:13', '2020-10-13 08:56:45', '2021-02-17 22:08:56', 'Quisque arcu libero, rutrum ac, lobortis vel, dapibus at, diam.'),
('CANCELADA', 4, '2019-11-24 02:25:26', null, '2020-07-08 17:40:00', 'Nullam sit amet turpis elementum ligula vehicula consequat.'),
('EN DESARROLLO', 15, '2020-01-05 23:20:37', '2020-10-15 20:17:30', '2020-07-13 06:48:30', 'Cras in purus eu magna vulputate luctus.'),
('EN ESPERA', 17, '2020-01-14 13:41:29', '2020-08-03 13:20:49', '2020-11-13 20:17:59', 'Lorem ipsum dolor sit amet, consectetuer adipiscing elit.'),
('EN ESPERA', 5, '2020-04-02 03:34:01', null, '2020-11-27 12:13:51', 'Cras mi pede, malesuada in, imperdiet et, commodo vulputate, justo.'),
('EN DESARROLLO', 20, '2020-03-10 03:21:00', '2020-10-22 03:13:39', '2020-11-27 20:49:27', 'Duis ac nibh.'),
('RESUELTO', 6, '2020-01-04 13:50:27', '2020-10-04 02:53:40', '2020-12-07 10:20:58', 'Integer aliquet, massa id lobortis convallis, tortor risus dapibus augue, vel accumsan tellus nisi eu orci.'),
('EN ESPERA', 10, '2020-04-21 05:25:17', '2020-11-06 05:36:25', '2020-09-16 18:42:40', 'Integer non velit.'),
('EN DESARROLLO', 17, '2020-03-03 23:10:05', '2020-08-08 21:24:03', '2021-02-27 19:18:06', 'Vestibulum ante ipsum primis in faucibus orci luctus et ultrices posuere cubilia Curae, Duis faucibus accumsan odio.'),
('CANCELADA', 8, '2020-05-21 04:34:10', '2020-09-02 22:38:27', '2020-08-16 03:14:46', 'Nam dui.'),
('CANCELADA', 11, '2020-03-23 15:56:12', '2020-11-09 17:35:30', '2020-09-10 06:50:01', 'Duis bibendum, felis sed interdum venenatis, turpis enim blandit mi, in porttitor pede justo eu massa.'),
('EN ESPERA', 5, '2020-02-24 21:01:59', '2020-10-26 00:32:51', '2020-07-07 01:04:36', 'Nam dui.'),
('EN DESARROLLO', 6, '2020-03-27 19:59:41', '2020-08-12 04:12:13', '2020-10-20 22:46:53', 'In hac habitasse platea dictumst.'),
('RESUELTO', 16, '2019-12-14 20:21:50', null, '2020-07-26 13:04:26', 'In sagittis dui vel nisl.'),
('EN ESPERA', 7, '2020-04-09 04:56:58', '2020-08-06 19:19:59', '2020-08-06 00:38:38', 'Mauris lacinia sapien quis libero.'),
('EN DESARROLLO', 2, '2020-02-01 05:23:14', '2020-07-21 06:14:43', '2021-01-21 19:55:55', 'Vivamus metus arcu, adipiscing molestie, hendrerit at, vulputate vitae, nisl.'),
('EN ESPERA', 18, '2020-02-24 23:03:12', '2020-10-10 22:32:19', '2021-02-14 03:33:50', 'Nulla tellus.');


INSERT INTO CTRLCONEXIONES (Usuario, EqpIP, CnxFchHr, CnxPermitida, TarID) VALUES
('ngodney12', '194.156.241.82', convert(datetime,'2020-02-05 10:32:52', 110), 0, 98),
('efarrint', '109.134.157.95 ', convert(datetime,'2020-07-26 23:05:30', 110), 0, 93),
('hbrownsmithu', '94.205.31.19   ', convert(datetime,'2020-08-27 04:10:14', 110), 1, 4),
('rclemmensen1c', '24.77.201.228  ', convert(datetime,'2019-12-05 17:37:18', 110), 0, 74),
('jcasone3', '196.214.182.21 ', convert(datetime,'2020-08-28 05:39:40', 110), 0, 82),
('mielden4', '180.145.210.118', convert(datetime,'2020-01-01 06:48:56', 110), 1, 94),
('hcrootea', '123.14.250.202 ', convert(datetime,'2019-12-11 01:19:08', 110), 1, 66),
('ddouglassb', '9.162.228.248  ', convert(datetime,'2020-06-17 08:27:12', 110), 0, 81),
('cgoddman8', '92.107.0.92    ', convert(datetime,'2020-04-24 02:00:26', 110), 1, 17),
('mserrell10', '102.1.178.101  ', convert(datetime,'2020-04-15 14:48:32', 110), 0, 88),
('ntroyx', '44.248.214.212 ', convert(datetime,'2020-04-08 17:46:49', 110), 1, 29),
('sminchintonm', '168.128.125.126', convert(datetime,'2020-07-27 18:23:06', 110), 0, 15),
('ntroyx', '71.3.194.65    ', convert(datetime,'2020-02-12 22:39:37', 110), 0, 28),
('ycasaletto5', '90.238.85.5    ', convert(datetime,'2019-12-07 23:30:04', 110), 0, 50),
('daiskriggi', '30.201.77.164  ', convert(datetime,'2020-07-19 22:07:32', 110), 0, 29),
('ddellcasap', '44.248.214.212 ', convert(datetime,'2020-04-11 19:39:09', 110), 1, 58),
('beve18', '179.122.161.120', convert(datetime,'2020-04-29 15:40:38', 110), 0, 7),
('dpriter0', '19.115.52.111  ', convert(datetime,'2020-10-01 01:10:21', 110), 1, 64),
('lhadekeo', '179.122.161.120', convert(datetime,'2020-08-21 03:50:18', 110), 1, 68),
('khanleyl', '25.70.39.28    ', convert(datetime,'2020-04-21 07:47:25', 110), 0, 37),
('beve18', '123.14.250.202 ', convert(datetime,'2020-01-04 10:44:17', 110), 0, 46),
('ddouglassb', '170.134.173.123', convert(datetime,'2020-04-04 10:41:18', 110), 0, 18),
('udrewet14', '38.232.160.207 ', convert(datetime,'2020-01-13 15:46:28', 110), 0, 19),
('cmcpikes', '116.54.14.253  ', convert(datetime,'2020-10-15 23:06:41', 110), 1, 80),
('ddellcasap', '144.184.179.177', convert(datetime,'2019-11-21 17:25:29', 110), 1, 35),
('hcrootea', '38.232.160.207 ', convert(datetime,'2020-10-22 10:16:20', 110), 0, 92),
('beve18', '185.3.24.161   ', convert(datetime,'2020-08-25 19:52:18', 110), 1, 79),
('jkirscheq', '180.145.210.118', convert(datetime,'2020-08-07 08:37:48', 110), 0, 55),
('mfossett7', '99.151.123.86  ', convert(datetime,'2020-03-13 09:40:28', 110), 1, 18),
('plumberf', '196.214.182.21 ', convert(datetime,'2020-01-13 20:24:01', 110), 0, 51),
('cvardon11', '162.50.159.210 ', convert(datetime,'2020-09-10 05:35:05', 110), 1, 8),
('cvardon11', '56.55.96.104   ', convert(datetime,'2020-07-20 13:30:18', 110), 1, 8),
('zburnerv', '33.35.22.110   ', convert(datetime,'2019-12-07 08:59:50', 110), 0, 70),
('ddellcasap', '141.48.33.93   ', convert(datetime,'2020-03-25 17:59:02', 110), 0, 29),
('khanleyl', '230.222.46.177 ', convert(datetime,'2019-11-21 15:15:49', 110), 1, 66),
('dbazek1a', '138.126.226.35 ', convert(datetime,'2020-08-17 20:33:52', 110), 1, 67),
('vtoward19', '1.211.76.194   ', convert(datetime,'2020-10-05 14:14:43', 110), 0, 75),
('bliversage13', '109.134.157.95 ', convert(datetime,'2020-06-21 02:04:31', 110), 0, 7),
('zjoannic6', '32.95.98.191   ', convert(datetime,'2020-03-19 18:05:33', 110), 0, 31),
('ftudgayk', '83.70.157.138  ', convert(datetime,'2020-08-28 18:24:50', 110), 0, 31),
('fleabeaterd', '15.31.193.200  ', convert(datetime,'2020-07-12 07:44:41', 110), 1, 19),
('cfettiplacez', '66.142.4.33    ', convert(datetime,'2020-07-09 16:23:54', 110), 1, 35),
('ddouglassb', '30.12.7.109    ', convert(datetime,'2020-11-08 05:44:55', 110), 0, 12),
('bkalinovichh', '83.70.157.138  ', convert(datetime,'2019-12-27 17:15:02', 110), 1, 36),
('cfettiplacez', '15.31.193.200  ', convert(datetime,'2020-01-09 09:53:09', 110), 0, 55),
('sminchintonm', '32.220.7.128   ', convert(datetime,'2020-09-14 23:29:46', 110), 1, 75),
('dpriter0', '215.60.63.142  ', convert(datetime,'2020-09-12 10:55:44', 110), 1, 80),
('ftudgayk', '85.178.93.235  ', convert(datetime,'2019-12-30 23:19:40', 110), 0, 86),
('cmcpikes', '31.176.14.3    ', convert(datetime,'2020-02-16 07:02:28', 110), 0, 23),
('fhowland15', '81.41.64.197   ', convert(datetime,'2020-02-17 20:51:46', 110), 0, 5);

INSERT INTO ESCANEOS (ScnHerr, ScnVulnNom, ScnDescrip) VALUES
('Trojan Guarder', 'Virus', 'In hac habitasse platea dictumst.'),
('Regcure', 'Malware', 'Nulla ut erat id mauris vulputate elementum.'),
('Antihook', 'Rutina', 'Aliquam quis turpis eget elit sodales scelerisque.'),
('Avast!', 'Virus', 'Maecenas ut massa quis augue luctus tincidunt.'),
('Norton AV', 'Malware', 'Pellentesque ultrices mattis odio.'),
('Kingsoft AV', 'Rutina', 'Ut at dolor quis odio consequat varius.'),
('Panda', 'Virus', 'Nullam sit amet turpis elementum ligula vehicula consequat.'),
('AVG free', 'Malware', 'Nunc purus.'),
('Ad-aware', 'Rutina', 'Phasellus id sapien in sapien iaculis congue.'),
('Mcafee', 'Virus', 'Phasellus in felis.'),
('Trojan Guarder', 'Malware', 'Nunc purus.'),
('Regcure', 'Rutina', 'Curabitur gravida nisi at nibh.'),
('Antihook', 'Virus', 'Maecenas pulvinar lobortis est.'),
('Avast!', 'Malware', 'Vestibulum quam sapien, varius ut, blandit non, interdum in, ante.'),
('Norton AV', 'Rutina', 'Vestibulum ante ipsum primis in faucibus orci luctus et ultrices posuere cubilia Curae, Nulla dapibus dolor vel est.'),
('Kingsoft AV', 'Virus', 'Nullam orci pede, venenatis non, sodales sed, tincidunt eu, felis.'),
('Panda', 'Malware', 'Quisque porta volutpat erat.'),
('AVG free', 'Rutina', 'Sed accumsan felis.'),
('Ad-aware', 'Virus', 'Pellentesque ultrices mattis odio.'),
('Mcafee', 'Malware', 'Pellentesque viverra pede ac diam.'),
('Trojan Guarder', 'Rutina', 'Vestibulum sed magna at nunc commodo placerat.'),
('Regcure', 'Virus', 'Suspendisse potenti.'),
('Antihook', 'Malware', 'Quisque porta volutpat erat.'),
('Avast!', 'Rutina', 'In hac habitasse platea dictumst.'),
('Norton AV', 'Virus', 'Duis mattis egestas metus.'),
('Kingsoft AV', 'Malware', 'Donec vitae nisi.'),
('Panda', 'Rutina', 'Fusce posuere felis sed lacus.'),
('AVG free', 'Virus', 'Aliquam non mauris.'),
('Ad-aware', 'Malware', 'Cum sociis natoque penatibus et magnis dis parturient montes, nascetur ridiculus mus.'),
('Mcafee', 'Rutina', 'Curabitur gravida nisi at nibh.');


INSERT INTO CTRLVULNERABILIDADES (ScnHerr, ScnVulnNom, ZonaId, VulnFchScanO, VulnFchScanU, VulnCriticidad, TarID) VALUES
('Mcafee', 'Malware', 9, '2019-10-17 09:27:01', '2020-08-07 23:42:27', 'BAJA', 56),
('Norton AV', 'Rutina', 18, '2020-03-04 06:01:16', '2020-03-13 12:48:18', 'BAJA', 77),
('Avast!', 'Rutina', 6, '2020-08-16 13:57:00', '2020-10-18 01:21:40', 'ALTA', 12),
('AVG free', 'Malware', 13, '2019-11-07 03:01:08', '2020-07-30 07:41:43', 'ALTA', 40),
('Kingsoft AV', 'Malware', 20, '2020-05-28 06:33:32', '2020-11-07 05:37:58', 'ALTA', 35),
('Norton AV', 'Virus', 5, '2019-12-16 08:58:51', '2020-07-23 21:32:29', 'ALTA', 36),
('Trojan Guarder', 'Rutina', 8, '2020-04-30 06:19:12', '2020-05-14 06:04:54', 'MEDIA', 40),
('Antihook', 'Rutina', 8, '2020-05-19 13:28:51', '2020-07-24 02:20:23', 'MEDIA', 13),
('Ad-aware', 'Malware', 3, '2020-02-11 22:19:29', '2020-06-18 15:23:39', 'ALTA', 15),
('AVG free', 'Virus', 19, '2020-03-21 22:40:39', '2020-11-07 10:45:02', 'MEDIA', 19),
('Avast!', 'Rutina', 16, '2019-08-21 02:03:24', '2020-08-22 04:39:34', 'ALTA', 52),
('Kingsoft AV', 'Malware', 18, '2020-08-27 03:28:45', '2020-10-18 12:42:40', 'ALTA', 23),
('Ad-aware', 'Rutina', 6, '2020-06-14 14:13:31', '2020-09-15 09:44:19', 'ALTA', 58),
('Regcure', 'Rutina', 11, '2020-04-21 09:18:50', '2020-05-29 15:30:20', 'ALTA', 93),
('Trojan Guarder', 'Rutina', 16, '2019-12-11 02:57:22', '2020-06-06 20:30:27', 'BAJA', 41),
('Regcure', 'Virus', 3, '2020-07-13 01:23:34', '2020-04-02 06:22:16', 'ALTA', 8),
('Ad-aware', 'Virus', 4, '2019-07-04 16:26:33', '2020-06-17 17:28:13', 'MEDIA', 16),
('Avast!', 'Virus', 17, '2020-09-07 07:57:57', '2020-06-11 11:20:37', 'MEDIA', 51),
('Trojan Guarder', 'Virus', 8, '2020-08-08 11:21:00', '2020-05-23 16:48:18', 'MEDIA', 93),
('Mcafee', 'Virus', 13, '2020-01-01 15:36:18', '2020-07-13 01:45:38', 'BAJA', 77),
('Norton AV', 'Malware', 20, '2020-08-29 03:55:27', '2020-03-08 17:35:26', 'BAJA', 16),
('Kingsoft AV', 'Virus', 15, '2020-05-21 23:28:01', '2020-09-21 17:28:39', 'MEDIA', 8),
('Trojan Guarder', 'Rutina', 10, '2020-07-17 12:13:24', '2020-09-25 18:17:11', 'ALTA', 49),
('Mcafee', 'Virus', 15, '2019-10-27 01:13:54', '2020-05-14 09:54:11', 'BAJA', 11),
('Ad-aware', 'Virus', 14, '2020-03-10 15:33:09', '2020-10-13 05:33:37', 'MEDIA', 6),
('Antihook', 'Virus', 13, '2020-04-29 22:22:00', '2020-10-03 12:08:36', 'MEDIA', 21),
('Avast!', 'Malware', 6, '2019-09-22 10:17:48', '2020-08-26 01:14:32', 'ALTA', 90),
('Regcure', 'Rutina', 15, '2020-02-26 19:22:06', '2020-10-20 19:55:19', 'ALTA', 79),
('Panda', 'Virus', 8, '2020-05-13 21:04:55', '2020-04-12 14:07:53', 'BAJA', 24),
('Kingsoft AV', 'Rutina', 11, '2020-05-21 02:46:23', '2020-11-15 08:17:08', 'BAJA', 42),
('Norton AV', 'Virus', 15, '2019-10-20 22:11:56', '2020-04-09 08:21:34', 'MEDIA', 65),
('Ad-aware', 'Malware', 13, '2020-01-06 17:04:38', '2020-06-05 05:55:01', 'BAJA', 40),
('Regcure', 'Rutina', 18, '2020-08-10 08:39:25', '2020-08-02 06:26:27', 'ALTA', 8),
('Avast!', 'Virus', 18, '2019-08-31 10:16:56', '2020-10-14 17:00:33', 'ALTA', 25),
('AVG free', 'Virus', 15, '2019-08-05 21:51:17', '2020-04-23 04:34:37', 'BAJA', 98),
('Kingsoft AV', 'Rutina', 9, '2020-07-25 22:24:00', '2020-05-24 14:55:01', 'BAJA', 25),
('AVG free', 'Virus', 9, '2019-09-05 14:40:37', '2020-03-07 08:13:54', 'BAJA', 51),
('Ad-aware', 'Rutina', 20, '2019-12-08 15:01:57', '2020-09-25 23:37:03', 'BAJA', 81),
('Avast!', 'Virus', 2, '2019-10-11 09:56:10', '2020-03-14 04:22:56', 'BAJA', 71),
('Norton AV', 'Rutina', 1, '2020-05-16 14:20:37', '2020-05-23 09:59:35', 'MEDIA', 5),
('Trojan Guarder', 'Virus', 2, '2020-06-03 17:54:16', '2020-05-16 15:30:15', 'MEDIA', 16),
('Trojan Guarder', 'Virus', 20, '2020-09-27 05:57:01', '2020-09-13 16:21:48', 'BAJA', 51),
('Ad-aware', 'Rutina', 13, '2020-08-25 19:20:46', '2020-04-15 01:36:12', 'ALTA', 18),
('AVG free', 'Rutina', 20, '2019-12-27 14:15:59', '2020-06-19 02:57:54', 'MEDIA', 25),
('Regcure', 'Virus', 20, '2020-08-06 20:37:10', '2020-10-28 15:32:12', 'MEDIA', 73),
('Antihook', 'Rutina', 12, '2020-09-11 02:16:59', '2020-03-11 11:44:33', 'MEDIA', 23),
('Trojan Guarder', 'Rutina', 3, '2020-06-02 15:03:11', '2020-10-04 01:43:12', 'BAJA', 90),
('Ad-aware', 'Malware', 11, '2019-09-04 10:07:07', '2020-06-01 01:01:39', 'ALTA', 8),
('Avast!', 'Virus', 5, '2020-06-04 01:17:14', '2020-09-21 12:18:39', 'MEDIA', 30),
('Ad-aware', 'Malware', 18, '2019-11-11 09:34:54', '2020-09-17 14:40:20', 'MEDIA', 36),
('AVG free', 'Rutina', 11, '2020-08-19 22:07:54', '2020-05-14 19:23:57', 'ALTA', 60),
('Norton AV', 'Rutina', 16, '2019-11-10 16:56:22', '2020-10-05 07:49:58', 'ALTA', 19),
('Regcure', 'Virus', 2, '2020-05-16 12:11:13', '2020-10-12 09:50:40', 'MEDIA', 27),
('Panda', 'Virus', 19, '2020-01-18 23:15:24', '2020-08-24 07:04:27', 'MEDIA', 89),
('Trojan Guarder', 'Virus', 8, '2020-09-27 13:56:03', '2020-08-31 17:49:21', 'BAJA', 45),
('AVG free', 'Rutina', 15, '2020-08-22 15:48:08', '2020-11-09 00:15:15', 'MEDIA', 64),
('Norton AV', 'Virus', 9, '2020-01-25 06:04:59', '2020-05-14 00:13:25', 'BAJA', 21),
('Mcafee', 'Malware', 20, '2019-12-20 03:15:47', '2020-09-27 22:01:52', 'ALTA', 44),
('Ad-aware', 'Virus', 7, '2020-01-06 15:12:50', '2020-04-08 20:05:04', 'MEDIA', 45),
('AVG free', 'Malware', 14, '2020-06-01 19:39:03', '2020-09-09 01:12:46', 'MEDIA', 33),
('Antihook', 'Virus', 7, '2020-03-31 23:40:53', '2020-07-07 16:14:18', 'MEDIA', 99),
('Ad-aware', 'Virus', 18, '2019-12-31 19:00:59', '2020-07-15 04:10:39', 'ALTA', 66),
('Regcure', 'Rutina', 19, '2019-11-23 21:07:28', '2020-05-13 13:09:29', 'ALTA', 52),
('Panda', 'Rutina', 9, '2020-09-28 03:39:13', '2020-4-06 01:45:17', 'ALTA', 45),
('Panda', 'Virus', 15, '2019-09-18 14:07:30', '2020-05-24 12:05:56', 'ALTA', 9),
('Ad-aware', 'Malware', 3, '2020-08-08 07:55:45', '2020-08-19 15:48:40', 'BAJA', 43),
('Trojan Guarder', 'Malware', 3, '2019-07-14 06:35:34', '2020-08-26 00:13:40', 'ALTA', 69),
('Mcafee', 'Rutina', 6, '2020-07-11 08:09:43', '2020-03-06 07:30:07', 'BAJA', 17),
('Ad-aware', 'Virus', 9, '2020-05-02 21:01:20', '2020-11-09 22:27:18', 'MEDIA', 56),
('Ad-aware', 'Virus', 2, '2020-03-25 01:16:23', '2020-05-09 22:47:32', 'MEDIA', 31),
('Mcafee', 'Rutina', 1, '2020-05-03 07:55:08', '2020-09-26 18:57:41', 'BAJA', 10),
('Ad-aware', 'Rutina', 15, '2020-01-28 11:43:59', '2020-10-20 01:49:55', 'MEDIA', 9),
('Kingsoft AV', 'Rutina', 9, '2020-05-29 01:51:38', '2020-10-14 02:54:00', 'MEDIA', 47),
('Ad-aware', 'Rutina', 7, '2019-12-28 15:03:20', '2020-08-05 08:22:27', 'MEDIA', 79),
('AVG free', 'Rutina', 1, '2019-10-09 06:14:03', '2020-05-26 09:39:08', 'BAJA', 21),
('Mcafee', 'Malware', 19, '2020-05-09 04:13:24', '2020-09-14 12:35:48', 'ALTA', 17),
('Ad-aware', 'Virus', 9, '2020-07-27 17:52:18', '2020-10-29 14:27:21', 'MEDIA', 59),
('Kingsoft AV', 'Malware', 12, '2019-09-05 09:05:39', '2020-03-25 07:20:44', 'MEDIA', 49),
('Panda', 'Malware', 15, '2020-04-11 21:08:58', '2020-04-19 20:20:57', 'MEDIA', 85),
('Trojan Guarder', 'Malware', 17, '2020-07-08 11:06:24', '2020-09-11 22:16:51', 'BAJA', 48),
('Antihook', 'Virus', 3, '2020-09-14 07:08:05', '2020-05-12 00:58:26', 'BAJA', 51),
('Mcafee', 'Malware', 4, '2019-11-14 13:04:28', '2020-07-09 09:19:44', 'MEDIA', 56),
('AVG free', 'Malware', 10, '2019-09-11 16:11:40', '2020-04-30 15:19:16', 'MEDIA', 76),
('Regcure', 'Virus', 4, '2019-10-07 13:21:03', '2020-08-28 08:03:33', 'MEDIA', 12),
('Antihook', 'Rutina', 13, '2020-05-29 16:09:43', '2020-05-10 11:16:29', 'MEDIA', 77),
('Ad-aware', 'Virus', 3, '2019-07-18 18:13:09', '2020-09-10 03:58:13', 'MEDIA', 7),
('Regcure', 'Virus', 11, '2019-12-09 16:49:07', '2020-05-10 23:23:59', 'ALTA', 97),
('Antihook', 'Malware', 16, '2019-09-08 03:09:39', '2020-11-16 07:07:42', 'ALTA', 96),
('Ad-aware', 'Rutina', 17, '2019-09-07 03:36:25', '2020-11-05 12:55:30', 'MEDIA', 80),
('AVG free', 'Virus', 12, '2020-07-08 00:58:15', '2020-09-26 01:02:42', 'BAJA', 6),
('Ad-aware', 'Rutina', 6, '2020-05-21 07:22:32', '2020-10-08 06:58:24', 'MEDIA', 34),
('Trojan Guarder', 'Rutina', 4, '2019-07-02 10:42:43', '2020-10-08 13:39:02', 'ALTA', 31),
('AVG free', 'Rutina', 15, '2019-10-29 16:55:23', '2020-06-26 10:32:05', 'BAJA', 23),
('Trojan Guarder', 'Virus', 13, '2019-12-25 17:33:23', '2020-08-02 08:18:59', 'BAJA', 50),
('Trojan Guarder', 'Virus', 11, '2020-04-16 01:18:44', '2020-05-23 20:30:54', 'MEDIA', 85),
('Ad-aware', 'Rutina', 9, '2020-07-03 10:50:49', '2020-03-19 16:49:41', 'ALTA', 64),
('Panda', 'Rutina', 20, '2020-07-02 13:15:22', '2020-08-23 07:46:46', 'BAJA', 27),
('Regcure', 'Virus', 6, '2020-04-16 22:07:57', '2020-09-23 03:50:43', 'ALTA', 7);



INSERT INTO RACI (RaciTarId, RaciUsuario, RaciRol) VALUES
(1, 'crallsg', 'C'),
(2, 'crallsg', 'R'),
(3, 'udrewet14', 'R'),
(4, 'clafoyr', 'R'),
(5, 'bliversage13', 'R'),
(6, 'zhazeman9', 'C'),
(7, 'fhowland15', 'A'),
(8, 'khaskinsw', 'A'),
(9, 'fleabeaterd', 'C'),
(10, 'dpriter0', 'I'),
(11, 'cfettiplacez', 'C'),
(12, 'mielden4', 'A'),
(13, 'ngodney12', 'A'),
(14, 'jcasone3', 'A'),
(15, 'ngodney12', 'I'),
(16, 'jkirscheq', 'A'),
(17, 'mielden4', 'A'),
(18, 'hbrownsmithu', 'R'),
(19, 'clafoyr', 'I'),
(20, 'bliversage13', 'C'),
(21, 'dpriter0', 'R'),
(22, 'cfettiplacez', 'C'),
(23, 'mserrell10', 'I'),
(24, 'jkirscheq', 'A'),
(25, 'bliversage13', 'A'),
(26, 'zburnerv', 'I'),
(27, 'mielden4', 'R'),
(28, 'ecordeix1b', 'R'),
(29, 'plumberf', 'I'),
(30, 'dpriter0', 'C'),
(31, 'ycasaletto5', 'I'),
(32, 'crallsg', 'R'),
(33, 'sminchintonm', 'C'),
(34, 'ffraczak2', 'I'),
(35, 'plumberf', 'R'),
(36, 'ngodney12', 'R'),
(37, 'jrandalsn', 'R'),
(38, 'fleabeaterd', 'C'),
(39, 'tbuckenhilly', 'R'),
(40, 'fleabeaterd', 'R'),
(41, 'cmcpikes', 'A'),
(42, 'ecordeix1b', 'I'),
(43, 'zhazeman9', 'I'),
(44, 'dpriter0', 'C'),
(45, 'dbazek1a', 'C'),
(46, 'ntroyx', 'R'),
(47, 'jkirscheq', 'A'),
(48, 'ddellcasap', 'R'),
(49, 'fhowland15', 'A'),
(50, 'mielden4', 'A'),
(51, 'crallsg', 'C'),
(52, 'ycasaletto5', 'I'),
(53, 'mielden4', 'I'),
(54, 'cshelfj', 'C'),
(55, 'ntroyx', 'A'),
(56, 'dpriter0', 'R'),
(57, 'clafoyr', 'I'),
(58, 'cgoddman8', 'I'),
(59, 'tbuckenhilly', 'I'),
(60, 'clafoyr', 'A'),
(61, 'crallsg', 'C'),
(62, 'rclemmensen1c', 'I'),
(63, 'cgoddman8', 'C'),
(64, 'fhowland15', 'R'),
(65, 'jrandalsn', 'I'),
(66, 'cvardon11', 'R'),
(67, 'khaskinsw', 'C'),
(68, 'dbazek1a', 'I'),
(69, 'cfettiplacez', 'R'),
(70, 'cgoddman8', 'I'),
(71, 'hcrootea', 'R'),
(72, 'dricco1d', 'R'),
(73, 'rclemmensen1c', 'I'),
(74, 'jkirscheq', 'C'),
(75, 'efarrint', 'C'),
(76, 'ntroyx', 'A'),
(77, 'udrewet14', 'I'),
(78, 'cfettiplacez', 'R'),
(79, 'mserrell10', 'R'),
(80, 'beve18', 'R'),
(81, 'cvardon11', 'R'),
(82, 'fleabeaterd', 'R'),
(83, 'ftudgayk', 'A'),
(84, 'mfossett7', 'C'),
(85, 'fleabeaterd', 'C'),
(86, 'zburnerv', 'R'),
(87, 'hbrownsmithu', 'C'),
(88, 'khanleyl', 'C'),
(89, 'ntroyx', 'R'),
(90, 'ycasaletto5', 'R'),
(91, 'tbuckenhilly', 'C'),
(92, 'ffraczak2', 'R'),
(93, 'cgoddman8', 'R'),
(94, 'rvanyukov16', 'C'),
(95, 'clafoyr', 'I'),
(96, 'lhadekeo', 'R'),
(97, 'ddouglassb', 'C'),
(98, 'cvardon11', 'R'),
(99, 'ecordeix1b', 'R'),
(100, 'sminchintonm', 'R');
